{"textures":{"0":"modelengine:entity/bandit_goon"},"elements":[{"from":[3.5,8.0,3.5],"to":[12.5,11.0,12.5],"faces":{"east":{"uv":[12.75,1.0,14.75,1.5],"tintindex":0,"rotation":0,"texture":"#0"},"south":{"uv":[12.75,1.5,14.75,2.0],"tintindex":0,"rotation":0,"texture":"#0"},"north":{"uv":[12.0,3.0,14.0,3.5],"tintindex":0,"rotation":0,"texture":"#0"},"west":{"uv":[12.75,2.0,14.75,2.5],"tintindex":0,"rotation":0,"texture":"#0"},"up":{"uv":[8.0,4.0,6.0,2.0],"tintindex":0,"rotation":0,"texture":"#0"},"down":{"uv":[6.0,6.0,4.0,8.0],"tintindex":0,"rotation":0,"texture":"#0"}}}],"display":{"gui":{"rotation":[30,225,0]}}}