{"textures":{"0":"modelengine:entity/bandit_goon"},"elements":[{"from":[12.2,16.0601,11.99667],"to":[3.8,7.6601,3.59667],"faces":{"east":{"uv":[15.75,15.75,16.0,16.0],"tintindex":0,"rotation":0,"texture":"#0"},"south":{"uv":[15.75,15.75,16.0,16.0],"tintindex":0,"rotation":0,"texture":"#0"},"north":{"uv":[15.75,15.75,16.0,16.0],"tintindex":0,"rotation":0,"texture":"#0"},"west":{"uv":[15.75,15.75,16.0,16.0],"tintindex":0,"rotation":0,"texture":"#0"},"up":{"uv":[15.75,15.75,16.0,16.0],"tintindex":0,"rotation":0,"texture":"#0"},"down":{"uv":[15.75,15.75,16.0,16.0],"tintindex":0,"rotation":0,"texture":"#0"}}},{"from":[8.0,10.8601,0.79666996],"to":[8.0,18.8601,7.79667],"faces":{"east":{"uv":[6.0,7.5,7.75,9.5],"tintindex":0,"rotation":0,"texture":"#0"},"west":{"uv":[7.75,7.5,9.5,9.5],"tintindex":0,"rotation":0,"texture":"#0"}},"rotation":{"origin":[8.0,17.8601,3.79667],"angle":-22.5,"axis":"x"}},{"from":[9.0,11.8601,3.69667],"to":[11.0,12.8601,3.69667],"faces":{"south":{"uv":[8.5,12.25,9.0,12.5],"tintindex":0,"rotation":0,"texture":"#0"},"north":{"uv":[4.5,12.0,5.0,12.25],"tintindex":0,"rotation":0,"texture":"#0"}}},{"from":[5.0,11.8601,3.69667],"to":[7.0,12.8601,3.69667],"faces":{"south":{"uv":[12.0,3.5,12.5,3.75],"tintindex":0,"rotation":0,"texture":"#0"},"north":{"uv":[1.5,9.25,2.0,9.5],"tintindex":0,"rotation":0,"texture":"#0"}}},{"from":[3.75,7.6101,3.54667],"to":[12.25,16.1101,12.04667],"faces":{"east":{"uv":[4.0,2.0,6.0,4.0],"tintindex":0,"rotation":0,"texture":"#0"},"south":{"uv":[4.0,4.0,6.0,6.0],"tintindex":0,"rotation":0,"texture":"#0"},"north":{"uv":[2.0,4.0,4.0,6.0],"tintindex":0,"rotation":0,"texture":"#0"},"west":{"uv":[0.0,6.0,2.0,8.0],"tintindex":0,"rotation":0,"texture":"#0"},"up":{"uv":[8.0,2.0,6.0,0.0],"tintindex":0,"rotation":0,"texture":"#0"},"down":{"uv":[4.0,6.0,2.0,8.0],"tintindex":0,"rotation":0,"texture":"#0"}}},{"from":[4.0,7.8601,3.79667],"to":[12.0,15.8601,11.79667],"faces":{"east":{"uv":[0.0,2.0,2.0,4.0],"tintindex":0,"rotation":0,"texture":"#0"},"south":{"uv":[2.0,0.0,4.0,2.0],"tintindex":0,"rotation":0,"texture":"#0"},"north":{"uv":[0.0,0.0,2.0,2.0],"tintindex":0,"rotation":0,"texture":"#0"},"west":{"uv":[2.0,2.0,4.0,4.0],"tintindex":0,"rotation":0,"texture":"#0"},"up":{"uv":[2.0,6.0,0.0,4.0],"tintindex":0,"rotation":0,"texture":"#0"},"down":{"uv":[6.0,0.0,4.0,2.0],"tintindex":0,"rotation":0,"texture":"#0"}}}],"display":{"gui":{"rotation":[30,225,0]}}}