{"textures":{"0":"modelengine:entity/bandit_goon"},"elements":[{"from":[6.0,3.5,6.0],"to":[10.0,8.5,10.0],"faces":{"east":{"uv":[10.0,0.0,11.0,1.25],"tintindex":0,"rotation":0,"texture":"#0"},"south":{"uv":[0.0,10.25,1.0,11.5],"tintindex":0,"rotation":0,"texture":"#0"},"north":{"uv":[9.75,9.0,10.75,10.25],"tintindex":0,"rotation":0,"texture":"#0"},"west":{"uv":[1.0,10.25,2.0,11.5],"tintindex":0,"rotation":0,"texture":"#0"},"up":{"uv":[12.75,7.25,11.75,6.25],"tintindex":0,"rotation":0,"texture":"#0"},"down":{"uv":[4.5,12.0,3.5,13.0],"tintindex":0,"rotation":0,"texture":"#0"}}},{"from":[10.45,8.95,10.45],"to":[5.55,3.05,5.55],"faces":{"east":{"uv":[15.75,15.75,16.0,16.0],"tintindex":0,"rotation":0,"texture":"#0"},"south":{"uv":[15.75,15.75,16.0,16.0],"tintindex":0,"rotation":0,"texture":"#0"},"north":{"uv":[15.75,15.75,16.0,16.0],"tintindex":0,"rotation":0,"texture":"#0"},"west":{"uv":[15.75,15.75,16.0,16.0],"tintindex":0,"rotation":0,"texture":"#0"},"up":{"uv":[15.75,15.5,16.0,15.75],"tintindex":0,"rotation":0,"texture":"#0"},"down":{"uv":[15.75,15.75,16.0,16.0],"tintindex":0,"rotation":0,"texture":"#0"}}},{"from":[5.75,3.25,5.75],"to":[10.25,8.75,10.25],"faces":{"east":{"uv":[10.75,6.25,11.75,7.5],"tintindex":0,"rotation":0,"texture":"#0"},"south":{"uv":[10.75,8.75,11.75,10.0],"tintindex":0,"rotation":0,"texture":"#0"},"north":{"uv":[10.75,5.0,11.75,6.25],"tintindex":0,"rotation":0,"texture":"#0"},"west":{"uv":[10.75,10.0,11.75,11.25],"tintindex":0,"rotation":0,"texture":"#0"},"up":{"uv":[7.5,13.25,6.5,12.25],"tintindex":0,"rotation":0,"texture":"#0"},"down":{"uv":[8.5,12.25,7.5,13.25],"tintindex":0,"rotation":0,"texture":"#0"}}}],"display":{"gui":{"rotation":[30,225,0]}}}