{"textures":{"0":"modelengine:entity/bandit_goon"},"elements":[{"from":[6.5,3.5,4.0],"to":[9.5,8.5,8.0],"faces":{"east":{"uv":[9.75,10.25,10.75,11.5],"tintindex":0,"rotation":0,"texture":"#0"},"south":{"uv":[12.75,4.75,13.5,6.0],"tintindex":0,"rotation":0,"texture":"#0"},"north":{"uv":[12.75,3.5,13.5,4.75],"tintindex":0,"rotation":0,"texture":"#0"},"west":{"uv":[10.5,7.5,11.5,8.75],"tintindex":0,"rotation":0,"texture":"#0"},"up":{"uv":[10.75,14.0,10.0,13.0],"tintindex":0,"rotation":0,"texture":"#0"},"down":{"uv":[5.0,13.25,4.25,14.25],"tintindex":0,"rotation":0,"texture":"#0"}}},{"from":[9.7,8.7,8.2],"to":[6.3,3.3,3.8],"faces":{"east":{"uv":[15.75,15.75,16.0,16.0],"tintindex":0,"rotation":0,"texture":"#0"},"south":{"uv":[15.75,15.75,16.0,16.0],"tintindex":0,"rotation":0,"texture":"#0"},"north":{"uv":[15.75,15.75,16.0,16.0],"tintindex":0,"rotation":0,"texture":"#0"},"west":{"uv":[15.75,15.75,16.0,16.0],"tintindex":0,"rotation":0,"texture":"#0"},"up":{"uv":[15.75,15.75,16.0,16.0],"tintindex":0,"rotation":0,"texture":"#0"},"down":{"uv":[15.75,15.75,16.0,16.0],"tintindex":0,"rotation":0,"texture":"#0"}}}],"display":{"gui":{"rotation":[30,225,0]}}}