{"textures":{"0":"modelengine:entity/bandit_goon"},"elements":[{"from":[6.0,3.0,7.75],"to":[10.0,8.0,11.75],"faces":{"east":{"uv":[3.0,10.75,4.0,12.0],"tintindex":0,"rotation":0,"texture":"#0"},"south":{"uv":[10.75,3.75,11.75,5.0],"tintindex":0,"rotation":0,"texture":"#0"},"north":{"uv":[2.0,10.75,3.0,12.0],"tintindex":0,"rotation":0,"texture":"#0"},"west":{"uv":[4.0,10.75,5.0,12.0],"tintindex":0,"rotation":0,"texture":"#0"},"up":{"uv":[5.5,13.25,4.5,12.25],"tintindex":0,"rotation":0,"texture":"#0"},"down":{"uv":[6.5,12.25,5.5,13.25],"tintindex":0,"rotation":0,"texture":"#0"}}},{"from":[10.46,6.46,12.21],"to":[5.54,2.54,7.29],"faces":{"east":{"uv":[15.75,15.75,16.0,16.0],"tintindex":0,"rotation":0,"texture":"#0"},"south":{"uv":[15.75,15.75,16.0,16.0],"tintindex":0,"rotation":0,"texture":"#0"},"north":{"uv":[15.75,15.75,16.0,16.0],"tintindex":0,"rotation":0,"texture":"#0"},"west":{"uv":[15.75,15.75,16.0,16.0],"tintindex":0,"rotation":0,"texture":"#0"},"up":{"uv":[15.75,15.75,16.0,16.0],"tintindex":0,"rotation":0,"texture":"#0"},"down":{"uv":[15.75,15.5,16.0,15.75],"tintindex":0,"rotation":0,"texture":"#0"}}},{"from":[5.74,2.74,7.49],"to":[10.26,6.26,12.01],"faces":{"east":{"uv":[7.5,13.25,8.5,14.0],"tintindex":0,"rotation":0,"texture":"#0"},"south":{"uv":[11.75,13.25,12.75,14.0],"tintindex":0,"rotation":0,"texture":"#0"},"north":{"uv":[6.5,13.25,7.5,14.0],"tintindex":0,"rotation":0,"texture":"#0"},"west":{"uv":[12.75,13.25,13.75,14.0],"tintindex":0,"rotation":0,"texture":"#0"},"up":{"uv":[13.5,8.25,12.5,7.25],"tintindex":0,"rotation":0,"texture":"#0"},"down":{"uv":[13.5,8.25,12.5,9.25],"tintindex":0,"rotation":0,"texture":"#0"}}},{"from":[10.2,8.2,11.95],"to":[5.8,2.8,7.55],"faces":{"east":{"uv":[15.75,15.75,16.0,16.0],"tintindex":0,"rotation":0,"texture":"#0"},"south":{"uv":[15.75,15.75,16.0,16.0],"tintindex":0,"rotation":0,"texture":"#0"},"north":{"uv":[15.75,15.75,16.0,16.0],"tintindex":0,"rotation":0,"texture":"#0"},"west":{"uv":[15.75,15.75,16.0,16.0],"tintindex":0,"rotation":0,"texture":"#0"},"up":{"uv":[15.75,15.75,16.0,16.0],"tintindex":0,"rotation":0,"texture":"#0"},"down":{"uv":[15.75,15.75,16.0,16.0],"tintindex":0,"rotation":0,"texture":"#0"}}}],"display":{"gui":{"rotation":[30,225,0]}}}