{"textures":{"0":"modelengine:entity/bandit_goon"},"elements":[{"from":[5.75,3.25,5.75],"to":[10.25,8.75,10.25],"faces":{"east":{"uv":[10.75,11.25,11.75,12.5],"tintindex":0,"rotation":0,"texture":"#0"},"south":{"uv":[0.0,11.5,1.0,12.75],"tintindex":0,"rotation":0,"texture":"#0"},"north":{"uv":[8.0,11.0,9.0,12.25],"tintindex":0,"rotation":0,"texture":"#0"},"west":{"uv":[1.0,11.5,2.0,12.75],"tintindex":0,"rotation":0,"texture":"#0"},"up":{"uv":[11.75,13.5,10.75,12.5],"tintindex":0,"rotation":0,"texture":"#0"},"down":{"uv":[13.5,11.25,12.5,12.25],"tintindex":0,"rotation":0,"texture":"#0"}}},{"from":[6.0,3.5,6.0],"to":[10.0,8.5,10.0],"faces":{"east":{"uv":[5.0,11.0,6.0,12.25],"tintindex":0,"rotation":0,"texture":"#0"},"south":{"uv":[6.0,11.0,7.0,12.25],"tintindex":0,"rotation":0,"texture":"#0"},"north":{"uv":[11.0,2.5,12.0,3.75],"tintindex":0,"rotation":0,"texture":"#0"},"west":{"uv":[7.0,11.0,8.0,12.25],"tintindex":0,"rotation":0,"texture":"#0"},"up":{"uv":[13.5,10.25,12.5,9.25],"tintindex":0,"rotation":0,"texture":"#0"},"down":{"uv":[13.5,10.25,12.5,11.25],"tintindex":0,"rotation":0,"texture":"#0"}}},{"from":[10.45,8.95,10.45],"to":[5.55,3.05,5.55],"faces":{"east":{"uv":[15.75,15.75,16.0,16.0],"tintindex":0,"rotation":0,"texture":"#0"},"south":{"uv":[15.75,15.75,16.0,16.0],"tintindex":0,"rotation":0,"texture":"#0"},"north":{"uv":[15.75,15.75,16.0,16.0],"tintindex":0,"rotation":0,"texture":"#0"},"west":{"uv":[15.75,15.75,16.0,16.0],"tintindex":0,"rotation":0,"texture":"#0"},"up":{"uv":[15.75,15.5,16.0,15.75],"tintindex":0,"rotation":0,"texture":"#0"},"down":{"uv":[15.75,15.75,16.0,16.0],"tintindex":0,"rotation":0,"texture":"#0"}}}],"display":{"gui":{"rotation":[30,225,0]}}}