{"textures":{"0":"modelengine:entity/bandit_goon_red"},"elements":[{"from":[6.5,3.5,4.0],"to":[9.5,8.5,8.0],"faces":{"east":{"uv":[7.75,2.25,8.25,2.875],"tintindex":0,"rotation":0,"texture":"#0"},"south":{"uv":[1.375,9.375,1.75,10.0],"tintindex":0,"rotation":0,"texture":"#0"},"north":{"uv":[9.375,0.75,9.75,1.375],"tintindex":0,"rotation":0,"texture":"#0"},"west":{"uv":[7.75,2.875,8.25,3.5],"tintindex":0,"rotation":0,"texture":"#0"},"up":{"uv":[9.75,7.375,9.375,6.875],"tintindex":0,"rotation":0,"texture":"#0"},"down":{"uv":[9.75,7.375,9.375,7.875],"tintindex":0,"rotation":0,"texture":"#0"}}},{"from":[9.7,8.7,8.2],"to":[6.3,3.3,3.8],"faces":{"east":{"uv":[8.25,2.5,8.75,3.125],"tintindex":0,"rotation":0,"texture":"#0"},"south":{"uv":[5.125,9.375,5.5,10.0],"tintindex":0,"rotation":0,"texture":"#0"},"north":{"uv":[9.375,4.0,9.75,4.625],"tintindex":0,"rotation":0,"texture":"#0"},"west":{"uv":[3.0,8.25,3.5,8.875],"tintindex":0,"rotation":0,"texture":"#0"},"up":{"uv":[10.0,2.25,9.625,1.75],"tintindex":0,"rotation":0,"texture":"#0"},"down":{"uv":[10.0,2.25,9.625,2.75],"tintindex":0,"rotation":0,"texture":"#0"}}}],"display":{"gui":{"rotation":[30,225,0]}}}