{"textures":{"0":"modelengine:entity/bandit_goon_red"},"elements":[{"from":[4.5,3.833334,6.0],"to":[7.5,9.833334,10.0],"faces":{"east":{"uv":[4.875,7.125,5.375,7.875],"tintindex":0,"rotation":0,"texture":"#0"},"south":{"uv":[8.75,2.625,9.125,3.375],"tintindex":0,"rotation":0,"texture":"#0"},"north":{"uv":[8.75,1.875,9.125,2.625],"tintindex":0,"rotation":0,"texture":"#0"},"west":{"uv":[7.25,2.5,7.75,3.25],"tintindex":0,"rotation":0,"texture":"#0"},"up":{"uv":[5.875,9.875,5.5,9.375],"tintindex":0,"rotation":0,"texture":"#0"},"down":{"uv":[9.75,6.375,9.375,6.875],"tintindex":0,"rotation":0,"texture":"#0"}}},{"from":[4.25,3.583334,5.75],"to":[7.75,10.083334,10.25],"faces":{"east":{"uv":[7.25,3.25,7.75,4.0],"tintindex":0,"rotation":0,"texture":"#0"},"south":{"uv":[3.5,8.75,3.875,9.5],"tintindex":0,"rotation":0,"texture":"#0"},"north":{"uv":[8.75,3.375,9.125,4.125],"tintindex":0,"rotation":0,"texture":"#0"},"west":{"uv":[6.375,7.25,6.875,8.0],"tintindex":0,"rotation":0,"texture":"#0"},"up":{"uv":[9.75,8.375,9.375,7.875],"tintindex":0,"rotation":0,"texture":"#0"},"down":{"uv":[9.75,8.375,9.375,8.875],"tintindex":0,"rotation":0,"texture":"#0"}}},{"from":[7.95,10.283334,10.45],"to":[4.05,3.383334,5.55],"faces":{"east":{"uv":[7.375,7.375,7.875,8.125],"tintindex":0,"rotation":0,"texture":"#0"},"south":{"uv":[8.875,0.0,9.25,0.75],"tintindex":0,"rotation":0,"texture":"#0"},"north":{"uv":[0.0,8.875,0.375,9.625],"tintindex":0,"rotation":0,"texture":"#0"},"west":{"uv":[5.375,7.5,5.875,8.25],"tintindex":0,"rotation":0,"texture":"#0"},"up":{"uv":[5.0,10.125,4.625,9.625],"tintindex":0,"rotation":0,"texture":"#0"},"down":{"uv":[10.0,5.625,9.625,6.125],"tintindex":0,"rotation":0,"texture":"#0"}}}],"display":{"gui":{"rotation":[30,225,0]}}}