{"textures":{"0":"modelengine:entity/bandit_goon_red"},"elements":[{"from":[7.5,-5.0,7.0],"to":[8.5,8.0,8.0],"faces":{"east":{"uv":[5.125,3.25,5.375,6.5],"tintindex":0,"rotation":0,"texture":"#0"},"south":{"uv":[5.375,0.0,5.625,3.25],"tintindex":0,"rotation":0,"texture":"#0"},"north":{"uv":[5.125,0.0,5.375,3.25],"tintindex":0,"rotation":0,"texture":"#0"},"west":{"uv":[5.375,3.25,5.625,6.5],"tintindex":0,"rotation":0,"texture":"#0"},"up":{"uv":[9.125,10.0,8.875,9.75],"tintindex":0,"rotation":0,"texture":"#0"},"down":{"uv":[10.125,5.25,9.875,5.5],"tintindex":0,"rotation":0,"texture":"#0"}}}],"display":{"gui":{"rotation":[30,225,0]}}}