{"textures":{"0":"pack:khan/furniture/goldcoins_stacked_small"},"elements":[{"from":[11.0,9.5,-2.0],"to":[15.0,11.5,2.0],"faces":{"east":{"uv":[4.0,2.0,8.0,4.0],"tintindex":0,"rotation":0,"texture":"#0"},"south":{"uv":[4.0,4.0,8.0,6.0],"tintindex":0,"rotation":0,"texture":"#0"},"north":{"uv":[4.0,0.0,8.0,2.0],"tintindex":0,"rotation":0,"texture":"#0"},"west":{"uv":[4.0,6.0,8.0,8.0],"tintindex":0,"rotation":0,"texture":"#0"},"up":{"uv":[4.0,4.0,0.0,0.0],"tintindex":0,"rotation":0,"texture":"#0"},"down":{"uv":[4.0,4.0,0.0,8.0],"tintindex":0,"rotation":0,"texture":"#0"}},"rotation":{"origin":[13.0,11.0,1.0],"angle":-45.0,"axis":"x"}},{"from":[1.0,10.0,3.0],"to":[5.0,12.0,7.0],"faces":{"east":{"uv":[4.0,2.0,8.0,4.0],"tintindex":0,"rotation":0,"texture":"#0"},"south":{"uv":[4.0,4.0,8.0,6.0],"tintindex":0,"rotation":0,"texture":"#0"},"north":{"uv":[4.0,0.0,8.0,2.0],"tintindex":0,"rotation":0,"texture":"#0"},"west":{"uv":[4.0,6.0,8.0,8.0],"tintindex":0,"rotation":0,"texture":"#0"},"up":{"uv":[4.0,4.0,0.0,0.0],"tintindex":0,"rotation":0,"texture":"#0"},"down":{"uv":[4.0,4.0,0.0,8.0],"tintindex":0,"rotation":0,"texture":"#0"}},"rotation":{"origin":[3.0,11.0,5.0],"angle":-22.5,"axis":"y"}},{"from":[1.0,12.0,11.0],"to":[5.0,14.0,15.0],"faces":{"east":{"uv":[4.0,2.0,8.0,4.0],"tintindex":0,"rotation":0,"texture":"#0"},"south":{"uv":[4.0,4.0,8.0,6.0],"tintindex":0,"rotation":0,"texture":"#0"},"north":{"uv":[4.0,0.0,8.0,2.0],"tintindex":0,"rotation":0,"texture":"#0"},"west":{"uv":[4.0,6.0,8.0,8.0],"tintindex":0,"rotation":0,"texture":"#0"},"up":{"uv":[4.0,4.0,0.0,0.0],"tintindex":0,"rotation":0,"texture":"#0"},"down":{"uv":[4.0,4.0,0.0,8.0],"tintindex":0,"rotation":0,"texture":"#0"}}},{"from":[6.0,12.0,6.0],"to":[10.0,14.0,10.0],"faces":{"east":{"uv":[4.0,2.0,8.0,4.0],"tintindex":0,"rotation":0,"texture":"#0"},"south":{"uv":[4.0,4.0,8.0,6.0],"tintindex":0,"rotation":0,"texture":"#0"},"north":{"uv":[4.0,0.0,8.0,2.0],"tintindex":0,"rotation":0,"texture":"#0"},"west":{"uv":[4.0,6.0,8.0,8.0],"tintindex":0,"rotation":0,"texture":"#0"},"up":{"uv":[4.0,4.0,0.0,0.0],"tintindex":0,"rotation":0,"texture":"#0"},"down":{"uv":[4.0,4.0,0.0,8.0],"tintindex":0,"rotation":0,"texture":"#0"}}},{"from":[11.0,8.0,2.0],"to":[15.0,10.0,6.0],"faces":{"east":{"uv":[4.0,2.0,8.0,4.0],"tintindex":0,"rotation":0,"texture":"#0"},"south":{"uv":[4.0,4.0,8.0,6.0],"tintindex":0,"rotation":0,"texture":"#0"},"north":{"uv":[4.0,0.0,8.0,2.0],"tintindex":0,"rotation":0,"texture":"#0"},"west":{"uv":[4.0,6.0,8.0,8.0],"tintindex":0,"rotation":0,"texture":"#0"},"up":{"uv":[4.0,4.0,0.0,0.0],"tintindex":0,"rotation":0,"texture":"#0"},"down":{"uv":[4.0,4.0,0.0,8.0],"tintindex":0,"rotation":0,"texture":"#0"}}},{"from":[6.0,10.0,6.0],"to":[10.0,12.0,10.0],"faces":{"east":{"uv":[4.0,2.0,8.0,4.0],"tintindex":0,"rotation":0,"texture":"#0"},"south":{"uv":[4.0,4.0,8.0,6.0],"tintindex":0,"rotation":0,"texture":"#0"},"north":{"uv":[4.0,0.0,8.0,2.0],"tintindex":0,"rotation":0,"texture":"#0"},"west":{"uv":[4.0,6.0,8.0,8.0],"tintindex":0,"rotation":0,"texture":"#0"},"up":{"uv":[4.0,4.0,0.0,0.0],"tintindex":0,"rotation":0,"texture":"#0"},"down":{"uv":[4.0,4.0,0.0,8.0],"tintindex":0,"rotation":0,"texture":"#0"}},"rotation":{"origin":[8.0,11.0,8.0],"angle":-22.5,"axis":"y"}},{"from":[6.0,16.0,6.0],"to":[10.0,18.0,10.0],"faces":{"east":{"uv":[4.0,2.0,8.0,4.0],"tintindex":0,"rotation":0,"texture":"#0"},"south":{"uv":[4.0,4.0,8.0,6.0],"tintindex":0,"rotation":0,"texture":"#0"},"north":{"uv":[4.0,0.0,8.0,2.0],"tintindex":0,"rotation":0,"texture":"#0"},"west":{"uv":[4.0,6.0,8.0,8.0],"tintindex":0,"rotation":0,"texture":"#0"},"up":{"uv":[4.0,4.0,0.0,0.0],"tintindex":0,"rotation":0,"texture":"#0"},"down":{"uv":[4.0,4.0,0.0,8.0],"tintindex":0,"rotation":0,"texture":"#0"}},"rotation":{"origin":[8.0,11.0,8.0],"angle":-22.5,"axis":"y"}},{"from":[6.0,8.0,6.0],"to":[10.0,10.0,10.0],"faces":{"east":{"uv":[4.0,2.0,8.0,4.0],"tintindex":0,"rotation":0,"texture":"#0"},"south":{"uv":[4.0,4.0,8.0,6.0],"tintindex":0,"rotation":0,"texture":"#0"},"north":{"uv":[4.0,0.0,8.0,2.0],"tintindex":0,"rotation":0,"texture":"#0"},"west":{"uv":[4.0,6.0,8.0,8.0],"tintindex":0,"rotation":0,"texture":"#0"},"up":{"uv":[4.0,4.0,0.0,0.0],"tintindex":0,"rotation":0,"texture":"#0"},"down":{"uv":[4.0,4.0,0.0,8.0],"tintindex":0,"rotation":0,"texture":"#0"}}},{"from":[11.0,10.0,11.0],"to":[15.0,12.0,15.0],"faces":{"east":{"uv":[4.0,2.0,8.0,4.0],"tintindex":0,"rotation":0,"texture":"#0"},"south":{"uv":[4.0,4.0,8.0,6.0],"tintindex":0,"rotation":0,"texture":"#0"},"north":{"uv":[4.0,0.0,8.0,2.0],"tintindex":0,"rotation":0,"texture":"#0"},"west":{"uv":[4.0,6.0,8.0,8.0],"tintindex":0,"rotation":0,"texture":"#0"},"up":{"uv":[4.0,4.0,0.0,0.0],"tintindex":0,"rotation":0,"texture":"#0"},"down":{"uv":[4.0,4.0,0.0,8.0],"tintindex":0,"rotation":0,"texture":"#0"}},"rotation":{"origin":[13.0,11.0,13.0],"angle":-22.5,"axis":"y"}},{"from":[11.0,8.0,11.0],"to":[15.0,10.0,15.0],"faces":{"east":{"uv":[4.0,2.0,8.0,4.0],"tintindex":0,"rotation":0,"texture":"#0"},"south":{"uv":[4.0,4.0,8.0,6.0],"tintindex":0,"rotation":0,"texture":"#0"},"north":{"uv":[4.0,0.0,8.0,2.0],"tintindex":0,"rotation":0,"texture":"#0"},"west":{"uv":[4.0,6.0,8.0,8.0],"tintindex":0,"rotation":0,"texture":"#0"},"up":{"uv":[4.0,4.0,0.0,0.0],"tintindex":0,"rotation":0,"texture":"#0"},"down":{"uv":[4.0,4.0,0.0,8.0],"tintindex":0,"rotation":0,"texture":"#0"}}},{"from":[6.0,14.0,6.0],"to":[10.0,16.0,10.0],"faces":{"east":{"uv":[4.0,2.0,8.0,4.0],"tintindex":0,"rotation":0,"texture":"#0"},"south":{"uv":[4.0,4.0,8.0,6.0],"tintindex":0,"rotation":0,"texture":"#0"},"north":{"uv":[4.0,0.0,8.0,2.0],"tintindex":0,"rotation":0,"texture":"#0"},"west":{"uv":[4.0,6.0,8.0,8.0],"tintindex":0,"rotation":0,"texture":"#0"},"up":{"uv":[4.0,4.0,0.0,0.0],"tintindex":0,"rotation":0,"texture":"#0"},"down":{"uv":[4.0,4.0,0.0,8.0],"tintindex":0,"rotation":0,"texture":"#0"}}},{"from":[1.0,8.0,3.0],"to":[5.0,10.0,7.0],"faces":{"east":{"uv":[4.0,2.0,8.0,4.0],"tintindex":0,"rotation":0,"texture":"#0"},"south":{"uv":[4.0,4.0,8.0,6.0],"tintindex":0,"rotation":0,"texture":"#0"},"north":{"uv":[4.0,0.0,8.0,2.0],"tintindex":0,"rotation":0,"texture":"#0"},"west":{"uv":[4.0,6.0,8.0,8.0],"tintindex":0,"rotation":0,"texture":"#0"},"up":{"uv":[4.0,4.0,0.0,0.0],"tintindex":0,"rotation":0,"texture":"#0"},"down":{"uv":[4.0,4.0,0.0,8.0],"tintindex":0,"rotation":0,"texture":"#0"}}},{"from":[1.0,18.0,11.0],"to":[5.0,20.0,15.0],"faces":{"east":{"uv":[4.0,2.0,8.0,4.0],"tintindex":0,"rotation":0,"texture":"#0"},"south":{"uv":[4.0,4.0,8.0,6.0],"tintindex":0,"rotation":0,"texture":"#0"},"north":{"uv":[4.0,0.0,8.0,2.0],"tintindex":0,"rotation":0,"texture":"#0"},"west":{"uv":[4.0,6.0,8.0,8.0],"tintindex":0,"rotation":0,"texture":"#0"},"up":{"uv":[4.0,4.0,0.0,0.0],"tintindex":0,"rotation":0,"texture":"#0"},"down":{"uv":[4.0,4.0,0.0,8.0],"tintindex":0,"rotation":0,"texture":"#0"}}},{"from":[6.0,18.0,6.0],"to":[10.0,20.0,10.0],"faces":{"east":{"uv":[4.0,2.0,8.0,4.0],"tintindex":0,"rotation":0,"texture":"#0"},"south":{"uv":[4.0,4.0,8.0,6.0],"tintindex":0,"rotation":0,"texture":"#0"},"north":{"uv":[4.0,0.0,8.0,2.0],"tintindex":0,"rotation":0,"texture":"#0"},"west":{"uv":[4.0,6.0,8.0,8.0],"tintindex":0,"rotation":0,"texture":"#0"},"up":{"uv":[4.0,4.0,0.0,0.0],"tintindex":0,"rotation":0,"texture":"#0"},"down":{"uv":[4.0,4.0,0.0,8.0],"tintindex":0,"rotation":0,"texture":"#0"}}},{"from":[1.0,8.0,11.0],"to":[5.0,10.0,15.0],"faces":{"east":{"uv":[4.0,2.0,8.0,4.0],"tintindex":0,"rotation":0,"texture":"#0"},"south":{"uv":[4.0,4.0,8.0,6.0],"tintindex":0,"rotation":0,"texture":"#0"},"north":{"uv":[4.0,0.0,8.0,2.0],"tintindex":0,"rotation":0,"texture":"#0"},"west":{"uv":[4.0,6.0,8.0,8.0],"tintindex":0,"rotation":0,"texture":"#0"},"up":{"uv":[4.0,4.0,0.0,0.0],"tintindex":0,"rotation":0,"texture":"#0"},"down":{"uv":[4.0,4.0,0.0,8.0],"tintindex":0,"rotation":0,"texture":"#0"}}},{"from":[1.0,16.0,11.0],"to":[5.0,18.0,15.0],"faces":{"east":{"uv":[4.0,2.0,8.0,4.0],"tintindex":0,"rotation":0,"texture":"#0"},"south":{"uv":[4.0,4.0,8.0,6.0],"tintindex":0,"rotation":0,"texture":"#0"},"north":{"uv":[4.0,0.0,8.0,2.0],"tintindex":0,"rotation":0,"texture":"#0"},"west":{"uv":[4.0,6.0,8.0,8.0],"tintindex":0,"rotation":0,"texture":"#0"},"up":{"uv":[4.0,4.0,0.0,0.0],"tintindex":0,"rotation":0,"texture":"#0"},"down":{"uv":[4.0,4.0,0.0,8.0],"tintindex":0,"rotation":0,"texture":"#0"}}},{"from":[11.0,12.0,11.0],"to":[15.0,14.0,15.0],"faces":{"east":{"uv":[4.0,2.0,8.0,4.0],"tintindex":0,"rotation":0,"texture":"#0"},"south":{"uv":[4.0,4.0,8.0,6.0],"tintindex":0,"rotation":0,"texture":"#0"},"north":{"uv":[4.0,0.0,8.0,2.0],"tintindex":0,"rotation":0,"texture":"#0"},"west":{"uv":[4.0,6.0,8.0,8.0],"tintindex":0,"rotation":0,"texture":"#0"},"up":{"uv":[4.0,4.0,0.0,0.0],"tintindex":0,"rotation":0,"texture":"#0"},"down":{"uv":[4.0,4.0,0.0,8.0],"tintindex":0,"rotation":0,"texture":"#0"}}},{"from":[11.0,14.0,11.0],"to":[15.0,16.0,15.0],"faces":{"east":{"uv":[4.0,2.0,8.0,4.0],"tintindex":0,"rotation":0,"texture":"#0"},"south":{"uv":[4.0,4.0,8.0,6.0],"tintindex":0,"rotation":0,"texture":"#0"},"north":{"uv":[4.0,0.0,8.0,2.0],"tintindex":0,"rotation":0,"texture":"#0"},"west":{"uv":[4.0,6.0,8.0,8.0],"tintindex":0,"rotation":0,"texture":"#0"},"up":{"uv":[4.0,4.0,0.0,0.0],"tintindex":0,"rotation":0,"texture":"#0"},"down":{"uv":[4.0,4.0,0.0,8.0],"tintindex":0,"rotation":0,"texture":"#0"}}},{"from":[1.0,14.0,11.0],"to":[5.0,16.0,15.0],"faces":{"east":{"uv":[4.0,2.0,8.0,4.0],"tintindex":0,"rotation":0,"texture":"#0"},"south":{"uv":[4.0,4.0,8.0,6.0],"tintindex":0,"rotation":0,"texture":"#0"},"north":{"uv":[4.0,0.0,8.0,2.0],"tintindex":0,"rotation":0,"texture":"#0"},"west":{"uv":[4.0,6.0,8.0,8.0],"tintindex":0,"rotation":0,"texture":"#0"},"up":{"uv":[4.0,4.0,0.0,0.0],"tintindex":0,"rotation":0,"texture":"#0"},"down":{"uv":[4.0,4.0,0.0,8.0],"tintindex":0,"rotation":0,"texture":"#0"}},"rotation":{"origin":[3.0,15.0,13.0],"angle":-22.5,"axis":"y"}},{"from":[1.0,20.0,11.0],"to":[5.0,22.0,15.0],"faces":{"east":{"uv":[4.0,2.0,8.0,4.0],"tintindex":0,"rotation":0,"texture":"#0"},"south":{"uv":[4.0,4.0,8.0,6.0],"tintindex":0,"rotation":0,"texture":"#0"},"north":{"uv":[4.0,0.0,8.0,2.0],"tintindex":0,"rotation":0,"texture":"#0"},"west":{"uv":[4.0,6.0,8.0,8.0],"tintindex":0,"rotation":0,"texture":"#0"},"up":{"uv":[4.0,4.0,0.0,0.0],"tintindex":0,"rotation":0,"texture":"#0"},"down":{"uv":[4.0,4.0,0.0,8.0],"tintindex":0,"rotation":0,"texture":"#0"}}},{"from":[1.0,10.0,11.0],"to":[5.0,12.0,15.0],"faces":{"east":{"uv":[4.0,2.0,8.0,4.0],"tintindex":0,"rotation":0,"texture":"#0"},"south":{"uv":[4.0,4.0,8.0,6.0],"tintindex":0,"rotation":0,"texture":"#0"},"north":{"uv":[4.0,0.0,8.0,2.0],"tintindex":0,"rotation":0,"texture":"#0"},"west":{"uv":[4.0,6.0,8.0,8.0],"tintindex":0,"rotation":0,"texture":"#0"},"up":{"uv":[4.0,4.0,0.0,0.0],"tintindex":0,"rotation":0,"texture":"#0"},"down":{"uv":[4.0,4.0,0.0,8.0],"tintindex":0,"rotation":0,"texture":"#0"}}}],"display":{"gui":{"rotation":[30,225,0]}}}