{"textures":{"0":"modelengine:entity/bandit_goon_yellow"},"elements":[{"from":[3.5,8.0,3.5],"to":[12.5,11.0,12.5],"faces":{"east":{"uv":[9.125,6.125,10.125,6.375],"tintindex":0,"rotation":0,"texture":"#0"},"south":{"uv":[9.25,0.5,10.25,0.75],"tintindex":0,"rotation":0,"texture":"#0"},"north":{"uv":[9.125,3.75,10.125,4.0],"tintindex":0,"rotation":0,"texture":"#0"},"west":{"uv":[0.375,9.375,1.375,9.625],"tintindex":0,"rotation":0,"texture":"#0"},"up":{"uv":[2.0,5.0,1.0,4.0],"tintindex":0,"rotation":0,"texture":"#0"},"down":{"uv":[5.0,1.0,4.0,2.0],"tintindex":0,"rotation":0,"texture":"#0"}}}],"display":{"gui":{"rotation":[30,225,0]}}}