{"textures":{"0":"modelengine:entity/bandit_goon_yellow"},"elements":[{"from":[12.2,16.0601,11.99667],"to":[3.8,7.6601,3.59667],"faces":{"east":{"uv":[0.0,1.0,1.0,2.0],"tintindex":0,"rotation":0,"texture":"#0"},"south":{"uv":[1.0,0.0,2.0,1.0],"tintindex":0,"rotation":0,"texture":"#0"},"north":{"uv":[0.0,0.0,1.0,1.0],"tintindex":0,"rotation":0,"texture":"#0"},"west":{"uv":[1.0,1.0,2.0,2.0],"tintindex":0,"rotation":0,"texture":"#0"},"up":{"uv":[1.0,3.0,0.0,2.0],"tintindex":0,"rotation":0,"texture":"#0"},"down":{"uv":[3.0,0.0,2.0,1.0],"tintindex":0,"rotation":0,"texture":"#0"}}},{"from":[8.0,10.8601,0.79666996],"to":[8.0,18.8601,7.79667],"faces":{"east":{"uv":[4.0,2.875,4.875,3.875],"tintindex":0,"rotation":0,"texture":"#0"},"west":{"uv":[3.0,4.0,3.875,5.0],"tintindex":0,"rotation":0,"texture":"#0"}},"rotation":{"origin":[8.0,17.8601,3.79667],"angle":-22.5,"axis":"x"}},{"from":[9.0,11.8601,3.69667],"to":[11.0,12.8601,3.69667],"faces":{"south":{"uv":[7.5,6.5,7.75,6.625],"tintindex":0,"rotation":0,"texture":"#0"},"north":{"uv":[2.75,7.5,3.0,7.625],"tintindex":0,"rotation":0,"texture":"#0"}}},{"from":[5.0,11.8601,3.69667],"to":[7.0,12.8601,3.69667],"faces":{"south":{"uv":[5.375,7.375,5.625,7.5],"tintindex":0,"rotation":0,"texture":"#0"},"north":{"uv":[4.875,6.375,5.125,6.5],"tintindex":0,"rotation":0,"texture":"#0"}}},{"from":[3.75,7.6101,3.54667],"to":[12.25,16.1101,12.04667],"faces":{"east":{"uv":[2.0,1.0,3.0,2.0],"tintindex":0,"rotation":0,"texture":"#0"},"south":{"uv":[2.0,2.0,3.0,3.0],"tintindex":0,"rotation":0,"texture":"#0"},"north":{"uv":[1.0,2.0,2.0,3.0],"tintindex":0,"rotation":0,"texture":"#0"},"west":{"uv":[0.0,3.0,1.0,4.0],"tintindex":0,"rotation":0,"texture":"#0"},"up":{"uv":[4.0,1.0,3.0,0.0],"tintindex":0,"rotation":0,"texture":"#0"},"down":{"uv":[2.0,3.0,1.0,4.0],"tintindex":0,"rotation":0,"texture":"#0"}}},{"from":[4.0,7.8601,3.79667],"to":[12.0,15.8601,11.79667],"faces":{"east":{"uv":[2.0,3.0,3.0,4.0],"tintindex":0,"rotation":0,"texture":"#0"},"south":{"uv":[3.0,2.0,4.0,3.0],"tintindex":0,"rotation":0,"texture":"#0"},"north":{"uv":[3.0,1.0,4.0,2.0],"tintindex":0,"rotation":0,"texture":"#0"},"west":{"uv":[3.0,3.0,4.0,4.0],"tintindex":0,"rotation":0,"texture":"#0"},"up":{"uv":[1.0,5.0,0.0,4.0],"tintindex":0,"rotation":0,"texture":"#0"},"down":{"uv":[5.0,0.0,4.0,1.0],"tintindex":0,"rotation":0,"texture":"#0"}}}],"display":{"gui":{"rotation":[30,225,0]}}}