{"textures":{"0":"modelengine:entity/bandit_goon_yellow"},"elements":[{"from":[6.0,3.5,6.0],"to":[10.0,8.5,10.0],"faces":{"east":{"uv":[7.5,5.875,8.0,6.5],"tintindex":0,"rotation":0,"texture":"#0"},"south":{"uv":[2.0,7.625,2.5,8.25],"tintindex":0,"rotation":0,"texture":"#0"},"north":{"uv":[5.875,7.5,6.375,8.125],"tintindex":0,"rotation":0,"texture":"#0"},"west":{"uv":[2.5,7.625,3.0,8.25],"tintindex":0,"rotation":0,"texture":"#0"},"up":{"uv":[0.875,9.375,0.375,8.875],"tintindex":0,"rotation":0,"texture":"#0"},"down":{"uv":[9.375,0.75,8.875,1.25],"tintindex":0,"rotation":0,"texture":"#0"}}},{"from":[10.45,8.95,10.45],"to":[5.55,3.05,5.55],"faces":{"east":{"uv":[8.25,3.75,8.75,4.375],"tintindex":0,"rotation":0,"texture":"#0"},"south":{"uv":[5.375,8.25,5.875,8.875],"tintindex":0,"rotation":0,"texture":"#0"},"north":{"uv":[8.25,3.125,8.75,3.75],"tintindex":0,"rotation":0,"texture":"#0"},"west":{"uv":[8.25,6.0,8.75,6.625],"tintindex":0,"rotation":0,"texture":"#0"},"up":{"uv":[9.5,5.125,9.0,4.625],"tintindex":0,"rotation":0,"texture":"#0"},"down":{"uv":[9.5,5.125,9.0,5.625],"tintindex":0,"rotation":0,"texture":"#0"}}},{"from":[5.75,3.25,5.75],"to":[10.25,8.75,10.25],"faces":{"east":{"uv":[7.875,1.25,8.375,1.875],"tintindex":0,"rotation":0,"texture":"#0"},"south":{"uv":[7.875,4.75,8.375,5.375],"tintindex":0,"rotation":0,"texture":"#0"},"north":{"uv":[7.875,0.625,8.375,1.25],"tintindex":0,"rotation":0,"texture":"#0"},"west":{"uv":[4.875,7.875,5.375,8.5],"tintindex":0,"rotation":0,"texture":"#0"},"up":{"uv":[1.875,9.375,1.375,8.875],"tintindex":0,"rotation":0,"texture":"#0"},"down":{"uv":[2.375,8.875,1.875,9.375],"tintindex":0,"rotation":0,"texture":"#0"}}}],"display":{"gui":{"rotation":[30,225,0]}}}