{"textures":{"0":"modelengine:entity/bandit_goon_yellow"},"elements":[{"from":[7.5,-5.0,7.0],"to":[8.5,8.0,8.0],"faces":{"east":{"uv":[1.0,5.0,1.25,8.25],"tintindex":0,"rotation":0,"texture":"#0"},"south":{"uv":[1.25,5.0,1.5,8.25],"tintindex":0,"rotation":0,"texture":"#0"},"north":{"uv":[0.75,5.0,1.0,8.25],"tintindex":0,"rotation":0,"texture":"#0"},"west":{"uv":[1.5,5.0,1.75,8.25],"tintindex":0,"rotation":0,"texture":"#0"},"up":{"uv":[3.75,8.75,3.5,8.5],"tintindex":0,"rotation":0,"texture":"#0"},"down":{"uv":[8.75,5.625,8.5,5.875],"tintindex":0,"rotation":0,"texture":"#0"}}}],"display":{"gui":{"rotation":[30,225,0]}}}