{"textures":{"0":"modelengine:entity/bandit_goon_green"},"elements":[{"from":[6.0,3.0,7.75],"to":[10.0,8.0,11.75],"faces":{"east":{"uv":[7.75,4.125,8.25,4.75],"tintindex":0,"rotation":0,"texture":"#0"},"south":{"uv":[7.75,6.5,8.25,7.125],"tintindex":0,"rotation":0,"texture":"#0"},"north":{"uv":[7.75,3.5,8.25,4.125],"tintindex":0,"rotation":0,"texture":"#0"},"west":{"uv":[7.875,0.0,8.375,0.625],"tintindex":0,"rotation":0,"texture":"#0"},"up":{"uv":[1.375,9.375,0.875,8.875],"tintindex":0,"rotation":0,"texture":"#0"},"down":{"uv":[9.375,1.25,8.875,1.75],"tintindex":0,"rotation":0,"texture":"#0"}}},{"from":[10.46,6.46,12.21],"to":[5.54,2.54,7.29],"faces":{"east":{"uv":[9.75,0.0,10.25,0.375],"tintindex":0,"rotation":0,"texture":"#0"},"south":{"uv":[9.75,0.75,10.25,1.125],"tintindex":0,"rotation":0,"texture":"#0"},"north":{"uv":[8.0,9.625,8.5,10.0],"tintindex":0,"rotation":0,"texture":"#0"},"west":{"uv":[9.75,4.0,10.25,4.375],"tintindex":0,"rotation":0,"texture":"#0"},"up":{"uv":[9.625,6.125,9.125,5.625],"tintindex":0,"rotation":0,"texture":"#0"},"down":{"uv":[8.625,9.125,8.125,9.625],"tintindex":0,"rotation":0,"texture":"#0"}}},{"from":[5.74,2.74,7.49],"to":[10.26,6.26,12.01],"faces":{"east":{"uv":[9.375,1.375,9.875,1.75],"tintindex":0,"rotation":0,"texture":"#0"},"south":{"uv":[8.625,9.375,9.125,9.75],"tintindex":0,"rotation":0,"texture":"#0"},"north":{"uv":[7.25,4.0,7.75,4.375],"tintindex":0,"rotation":0,"texture":"#0"},"west":{"uv":[9.375,8.875,9.875,9.25],"tintindex":0,"rotation":0,"texture":"#0"},"up":{"uv":[2.875,9.375,2.375,8.875],"tintindex":0,"rotation":0,"texture":"#0"},"down":{"uv":[3.375,8.875,2.875,9.375],"tintindex":0,"rotation":0,"texture":"#0"}}},{"from":[10.2,8.2,11.95],"to":[5.8,2.8,7.55],"faces":{"east":{"uv":[8.375,0.625,8.875,1.25],"tintindex":0,"rotation":0,"texture":"#0"},"south":{"uv":[8.375,1.25,8.875,1.875],"tintindex":0,"rotation":0,"texture":"#0"},"north":{"uv":[8.375,0.0,8.875,0.625],"tintindex":0,"rotation":0,"texture":"#0"},"west":{"uv":[8.375,4.375,8.875,5.0],"tintindex":0,"rotation":0,"texture":"#0"},"up":{"uv":[8.125,9.5,7.625,9.0],"tintindex":0,"rotation":0,"texture":"#0"},"down":{"uv":[9.625,1.75,9.125,2.25],"tintindex":0,"rotation":0,"texture":"#0"}}}],"display":{"gui":{"rotation":[30,225,0]}}}