{"textures":{"0":"modelengine:entity/bandit_goon_green"},"elements":[{"from":[8.25,3.583334,5.75],"to":[11.75,10.083334,10.25],"faces":{"east":{"uv":[7.375,0.75,7.875,1.5],"tintindex":0,"rotation":0,"texture":"#0"},"south":{"uv":[5.875,8.75,6.25,9.5],"tintindex":0,"rotation":0,"texture":"#0"},"north":{"uv":[8.75,5.625,9.125,6.375],"tintindex":0,"rotation":0,"texture":"#0"},"west":{"uv":[7.375,1.5,7.875,2.25],"tintindex":0,"rotation":0,"texture":"#0"},"up":{"uv":[9.875,5.125,9.5,4.625],"tintindex":0,"rotation":0,"texture":"#0"},"down":{"uv":[9.875,5.125,9.5,5.625],"tintindex":0,"rotation":0,"texture":"#0"}}},{"from":[11.95,10.283334,10.45],"to":[8.05,3.383334,5.55],"faces":{"east":{"uv":[7.375,5.125,7.875,5.875],"tintindex":0,"rotation":0,"texture":"#0"},"south":{"uv":[7.25,8.75,7.625,9.5],"tintindex":0,"rotation":0,"texture":"#0"},"north":{"uv":[6.875,8.75,7.25,9.5],"tintindex":0,"rotation":0,"texture":"#0"},"west":{"uv":[6.875,7.375,7.375,8.125],"tintindex":0,"rotation":0,"texture":"#0"},"up":{"uv":[10.0,3.25,9.625,2.75],"tintindex":0,"rotation":0,"texture":"#0"},"down":{"uv":[10.0,3.25,9.625,3.75],"tintindex":0,"rotation":0,"texture":"#0"}}},{"from":[8.5,3.833334,6.0],"to":[11.5,9.833334,10.0],"faces":{"east":{"uv":[7.25,6.625,7.75,7.375],"tintindex":0,"rotation":0,"texture":"#0"},"south":{"uv":[4.25,8.75,4.625,9.5],"tintindex":0,"rotation":0,"texture":"#0"},"north":{"uv":[3.875,8.75,4.25,9.5],"tintindex":0,"rotation":0,"texture":"#0"},"west":{"uv":[7.375,0.0,7.875,0.75],"tintindex":0,"rotation":0,"texture":"#0"},"up":{"uv":[9.5,9.875,9.125,9.375],"tintindex":0,"rotation":0,"texture":"#0"},"down":{"uv":[3.625,9.5,3.25,10.0],"tintindex":0,"rotation":0,"texture":"#0"}}}],"display":{"gui":{"rotation":[30,225,0]}}}