{"textures":{"0":"modelengine:entity/bandit_goon_green"},"elements":[{"from":[5.75,3.25,5.75],"to":[10.25,8.75,10.25],"faces":{"east":{"uv":[6.875,8.125,7.375,8.75],"tintindex":0,"rotation":0,"texture":"#0"},"south":{"uv":[7.375,8.125,7.875,8.75],"tintindex":0,"rotation":0,"texture":"#0"},"north":{"uv":[5.875,8.125,6.375,8.75],"tintindex":0,"rotation":0,"texture":"#0"},"west":{"uv":[0.0,8.25,0.5,8.875],"tintindex":0,"rotation":0,"texture":"#0"},"up":{"uv":[9.375,6.875,8.875,6.375],"tintindex":0,"rotation":0,"texture":"#0"},"down":{"uv":[9.375,6.875,8.875,7.375],"tintindex":0,"rotation":0,"texture":"#0"}}},{"from":[6.0,3.5,6.0],"to":[10.0,8.5,10.0],"faces":{"east":{"uv":[6.375,8.0,6.875,8.625],"tintindex":0,"rotation":0,"texture":"#0"},"south":{"uv":[3.75,8.125,4.25,8.75],"tintindex":0,"rotation":0,"texture":"#0"},"north":{"uv":[8.0,5.375,8.5,6.0],"tintindex":0,"rotation":0,"texture":"#0"},"west":{"uv":[4.25,8.125,4.75,8.75],"tintindex":0,"rotation":0,"texture":"#0"},"up":{"uv":[9.375,4.625,8.875,4.125],"tintindex":0,"rotation":0,"texture":"#0"},"down":{"uv":[5.75,8.875,5.25,9.375],"tintindex":0,"rotation":0,"texture":"#0"}}},{"from":[10.45,8.95,10.45],"to":[5.55,3.05,5.55],"faces":{"east":{"uv":[8.5,5.0,9.0,5.625],"tintindex":0,"rotation":0,"texture":"#0"},"south":{"uv":[8.375,8.5,8.875,9.125],"tintindex":0,"rotation":0,"texture":"#0"},"north":{"uv":[4.75,8.5,5.25,9.125],"tintindex":0,"rotation":0,"texture":"#0"},"west":{"uv":[6.375,8.625,6.875,9.25],"tintindex":0,"rotation":0,"texture":"#0"},"up":{"uv":[9.625,3.75,9.125,3.25],"tintindex":0,"rotation":0,"texture":"#0"},"down":{"uv":[5.125,9.125,4.625,9.625],"tintindex":0,"rotation":0,"texture":"#0"}}}],"display":{"gui":{"rotation":[30,225,0]}}}