{"textures":{"0":"modelengine:entity/bandit_goon_green"},"elements":[{"from":[7.5,-5.0,7.0],"to":[8.5,8.0,8.0],"faces":{"east":{"uv":[3.0,5.0,3.25,8.25],"tintindex":0,"rotation":0,"texture":"#0"},"south":{"uv":[3.25,5.0,3.5,8.25],"tintindex":0,"rotation":0,"texture":"#0"},"north":{"uv":[1.75,5.0,2.0,8.25],"tintindex":0,"rotation":0,"texture":"#0"},"west":{"uv":[3.5,5.0,3.75,8.25],"tintindex":0,"rotation":0,"texture":"#0"},"up":{"uv":[7.875,9.0,7.625,8.75],"tintindex":0,"rotation":0,"texture":"#0"},"down":{"uv":[8.875,9.125,8.625,9.375],"tintindex":0,"rotation":0,"texture":"#0"}}}],"display":{"gui":{"rotation":[30,225,0]}}}