{"textures":{"0":"modelengine:entity/bandit_goon_green"},"elements":[{"from":[7.5,-5.0,7.0],"to":[8.5,8.0,8.0],"faces":{"east":{"uv":[3.875,4.875,4.125,8.125],"tintindex":0,"rotation":0,"texture":"#0"},"south":{"uv":[4.125,4.875,4.375,8.125],"tintindex":0,"rotation":0,"texture":"#0"},"north":{"uv":[4.875,2.875,5.125,6.125],"tintindex":0,"rotation":0,"texture":"#0"},"west":{"uv":[4.375,4.875,4.625,8.125],"tintindex":0,"rotation":0,"texture":"#0"},"up":{"uv":[7.625,2.5,7.375,2.25],"tintindex":0,"rotation":0,"texture":"#0"},"down":{"uv":[8.25,6.0,8.0,6.25],"tintindex":0,"rotation":0,"texture":"#0"}}}],"display":{"gui":{"rotation":[30,225,0]}}}