{"textures":{"0":"modelengine:entity/bandit_goon_green"},"elements":[{"from":[7.9,6.25,-3.416667],"to":[7.9,9.75,4.083333],"faces":{"east":{"uv":[6.375,5.125,7.375,5.625],"tintindex":0,"rotation":0,"texture":"#0"},"west":{"uv":[6.375,5.625,7.375,6.125],"tintindex":0,"rotation":0,"texture":"#0"}}},{"from":[7.0,7.0,4.833333],"to":[9.0,9.0,10.833333],"faces":{"east":{"uv":[6.75,9.5,7.5,9.75],"tintindex":0,"rotation":0,"texture":"#0"},"south":{"uv":[2.75,7.0,3.0,7.25],"tintindex":0,"rotation":0,"texture":"#0"},"north":{"uv":[4.875,6.125,5.125,6.375],"tintindex":0,"rotation":0,"texture":"#0"},"west":{"uv":[9.5,9.25,10.25,9.5],"tintindex":0,"rotation":0,"texture":"#0"},"up":{"uv":[3.0,6.5,2.75,5.75],"tintindex":0,"rotation":0,"texture":"#0"},"down":{"uv":[4.625,9.5,4.375,10.25],"tintindex":0,"rotation":0,"texture":"#0"}}},{"from":[8.1,6.25,-3.416667],"to":[8.1,9.75,4.083333],"faces":{"east":{"uv":[2.0,6.5,3.0,7.0],"tintindex":0,"rotation":0,"texture":"#0"},"west":{"uv":[6.5,6.125,7.5,6.625],"tintindex":0,"rotation":0,"texture":"#0"}}},{"from":[9.2,9.2,11.033333],"to":[6.8,6.8,4.633333],"faces":{"east":{"uv":[9.75,1.125,10.5,1.375],"tintindex":0,"rotation":0,"texture":"#0"},"south":{"uv":[2.75,7.25,3.0,7.5],"tintindex":0,"rotation":0,"texture":"#0"},"north":{"uv":[5.375,7.125,5.625,7.375],"tintindex":0,"rotation":0,"texture":"#0"},"west":{"uv":[9.75,4.375,10.5,4.625],"tintindex":0,"rotation":0,"texture":"#0"},"up":{"uv":[10.0,7.875,9.75,7.125],"tintindex":0,"rotation":0,"texture":"#0"},"down":{"uv":[7.5,9.75,7.25,10.5],"tintindex":0,"rotation":0,"texture":"#0"}}},{"from":[8.1,7.25,-7.416667],"to":[8.1,8.75,-1.916667],"faces":{"east":{"uv":[9.75,8.375,10.5,8.625],"tintindex":0,"rotation":0,"texture":"#0"},"west":{"uv":[9.75,8.625,10.5,8.875],"tintindex":0,"rotation":0,"texture":"#0"}}},{"from":[8.0,6.5,-7.166667],"to":[8.0,9.5,3.8333335],"faces":{"east":{"uv":[6.375,4.375,7.75,4.75],"tintindex":0,"rotation":0,"texture":"#0"},"west":{"uv":[6.375,4.75,7.75,5.125],"tintindex":0,"rotation":0,"texture":"#0"}}},{"from":[7.9,7.25,-7.416667],"to":[7.9,8.75,-1.916667],"faces":{"east":{"uv":[9.75,7.875,10.5,8.125],"tintindex":0,"rotation":0,"texture":"#0"},"west":{"uv":[9.75,8.125,10.5,8.375],"tintindex":0,"rotation":0,"texture":"#0"}}},{"from":[6.5,6.5,3.8333335],"to":[9.5,9.5,4.833333],"faces":{"east":{"uv":[5.0,0.0,5.125,0.375],"tintindex":0,"rotation":0,"texture":"#0"},"south":{"uv":[8.5,9.75,8.875,10.125],"tintindex":0,"rotation":0,"texture":"#0"},"north":{"uv":[7.875,1.875,8.25,2.25],"tintindex":0,"rotation":0,"texture":"#0"},"west":{"uv":[5.0,0.375,5.125,0.75],"tintindex":0,"rotation":0,"texture":"#0"},"up":{"uv":[7.25,7.375,6.875,7.25],"tintindex":0,"rotation":0,"texture":"#0"},"down":{"uv":[5.875,9.875,5.5,10.0],"tintindex":0,"rotation":0,"texture":"#0"}}},{"from":[9.7,9.7,5.033333],"to":[6.3,6.3,3.6333334],"faces":{"east":{"uv":[5.0,0.75,5.125,1.125],"tintindex":0,"rotation":0,"texture":"#0"},"south":{"uv":[9.875,4.625,10.25,5.0],"tintindex":0,"rotation":0,"texture":"#0"},"north":{"uv":[9.875,1.375,10.25,1.75],"tintindex":0,"rotation":0,"texture":"#0"},"west":{"uv":[5.0,1.125,5.125,1.5],"tintindex":0,"rotation":0,"texture":"#0"},"up":{"uv":[10.25,5.625,9.875,5.5],"tintindex":0,"rotation":0,"texture":"#0"},"down":{"uv":[7.875,9.875,7.5,10.0],"tintindex":0,"rotation":0,"texture":"#0"}}}],"display":{"gui":{"rotation":[30,225,0]}}}