{"textures":{"0":"modelengine:entity/bandit_goon_green"},"elements":[{"from":[5.0,8.166667,5.0],"to":[11.0,13.166667,11.0],"faces":{"east":{"uv":[6.625,0.0,7.375,0.625],"tintindex":0,"rotation":0,"texture":"#0"},"south":{"uv":[6.625,0.625,7.375,1.25],"tintindex":0,"rotation":0,"texture":"#0"},"north":{"uv":[4.875,6.5,5.625,7.125],"tintindex":0,"rotation":0,"texture":"#0"},"west":{"uv":[6.625,1.25,7.375,1.875],"tintindex":0,"rotation":0,"texture":"#0"},"up":{"uv":[6.375,3.25,5.625,2.5],"tintindex":0,"rotation":0,"texture":"#0"},"down":{"uv":[6.375,3.25,5.625,4.0],"tintindex":0,"rotation":0,"texture":"#0"}}},{"from":[4.75,8.916667,4.75],"to":[11.25,10.416667,11.25],"faces":{"east":{"uv":[9.75,0.375,10.5,0.5],"tintindex":0,"rotation":0,"texture":"#0"},"south":{"uv":[9.875,5.0,10.625,5.125],"tintindex":0,"rotation":0,"texture":"#0"},"north":{"uv":[4.0,3.875,4.75,4.0],"tintindex":0,"rotation":0,"texture":"#0"},"west":{"uv":[9.875,5.125,10.625,5.25],"tintindex":0,"rotation":0,"texture":"#0"},"up":{"uv":[6.375,4.75,5.625,4.0],"tintindex":0,"rotation":0,"texture":"#0"},"down":{"uv":[6.375,4.75,5.625,5.5],"tintindex":0,"rotation":0,"texture":"#0"}}},{"from":[12.2,18.366669,11.7],"to":[3.8,12.966667,4.3],"faces":{"east":{"uv":[6.375,3.125,7.25,3.75],"tintindex":0,"rotation":0,"texture":"#0"},"south":{"uv":[5.625,1.875,6.625,2.5],"tintindex":0,"rotation":0,"texture":"#0"},"north":{"uv":[5.625,1.25,6.625,1.875],"tintindex":0,"rotation":0,"texture":"#0"},"west":{"uv":[6.375,3.75,7.25,4.375],"tintindex":0,"rotation":0,"texture":"#0"},"up":{"uv":[4.875,4.875,3.875,4.0],"tintindex":0,"rotation":0,"texture":"#0"},"down":{"uv":[3.0,4.875,2.0,5.75],"tintindex":0,"rotation":0,"texture":"#0"}}},{"from":[11.2,13.366667,11.2],"to":[4.8,7.966667,4.8],"faces":{"east":{"uv":[6.5,6.625,7.25,7.25],"tintindex":0,"rotation":0,"texture":"#0"},"south":{"uv":[5.625,6.875,6.375,7.5],"tintindex":0,"rotation":0,"texture":"#0"},"north":{"uv":[6.625,1.875,7.375,2.5],"tintindex":0,"rotation":0,"texture":"#0"},"west":{"uv":[2.0,7.0,2.75,7.625],"tintindex":0,"rotation":0,"texture":"#0"},"up":{"uv":[6.375,6.25,5.625,5.5],"tintindex":0,"rotation":0,"texture":"#0"},"down":{"uv":[2.75,5.75,2.0,6.5],"tintindex":0,"rotation":0,"texture":"#0"}}},{"from":[4.0,13.166667,4.5],"to":[12.0,18.166668,11.5],"faces":{"east":{"uv":[5.625,6.25,6.5,6.875],"tintindex":0,"rotation":0,"texture":"#0"},"south":{"uv":[5.625,0.625,6.625,1.25],"tintindex":0,"rotation":0,"texture":"#0"},"north":{"uv":[5.625,0.0,6.625,0.625],"tintindex":0,"rotation":0,"texture":"#0"},"west":{"uv":[6.375,2.5,7.25,3.125],"tintindex":0,"rotation":0,"texture":"#0"},"up":{"uv":[3.0,4.875,2.0,4.0],"tintindex":0,"rotation":0,"texture":"#0"},"down":{"uv":[5.0,2.0,4.0,2.875],"tintindex":0,"rotation":0,"texture":"#0"}}}],"display":{"gui":{"rotation":[30,225,0]}}}