{"textures":{"0":"modelengine:entity/banso"},"elements":[{"from":[3.0,8.166668,3.0],"to":[13.0,18.166668,13.0],"faces":{"east":{"uv":[5.75,0.0,7.0,1.25],"tintindex":0,"rotation":0,"texture":"#0"},"south":{"uv":[1.25,5.875,2.5,7.125],"tintindex":0,"rotation":0,"texture":"#0"},"north":{"uv":[0.0,5.75,1.25,7.0],"tintindex":0,"rotation":0,"texture":"#0"},"west":{"uv":[2.5,5.875,3.75,7.125],"tintindex":0,"rotation":0,"texture":"#0"},"up":{"uv":[5.0,7.125,3.75,5.875],"tintindex":0,"rotation":0,"texture":"#0"},"down":{"uv":[6.25,5.875,5.0,7.125],"tintindex":0,"rotation":0,"texture":"#0"}}},{"from":[2.5,7.666668,2.5],"to":[13.5,18.666668,13.5],"faces":{"east":{"uv":[6.25,5.25,7.5,6.5],"tintindex":0,"rotation":0,"texture":"#0"},"south":{"uv":[6.25,6.5,7.5,7.75],"tintindex":0,"rotation":0,"texture":"#0"},"north":{"uv":[6.25,2.5,7.5,3.75],"tintindex":0,"rotation":0,"texture":"#0"},"west":{"uv":[0.0,7.0,1.25,8.25],"tintindex":0,"rotation":0,"texture":"#0"},"up":{"uv":[8.25,1.25,7.0,0.0],"tintindex":0,"rotation":0,"texture":"#0"},"down":{"uv":[2.5,7.125,1.25,8.375],"tintindex":0,"rotation":0,"texture":"#0"}}},{"from":[13.5,18.666668,13.5],"to":[2.5,7.666668,2.5],"faces":{"east":{"uv":[0.0,8.25,1.25,7.0],"tintindex":0,"rotation":0,"texture":"#0"},"south":{"uv":[6.25,3.75,7.5,2.5],"tintindex":0,"rotation":0,"texture":"#0"},"north":{"uv":[6.25,7.75,7.5,6.5],"tintindex":0,"rotation":0,"texture":"#0"},"west":{"uv":[6.25,6.5,7.5,5.25],"tintindex":0,"rotation":0,"texture":"#0"},"up":{"uv":[1.25,7.125,2.5,8.375],"tintindex":0,"rotation":0,"texture":"#0"},"down":{"uv":[7.0,1.25,8.25,0.0],"tintindex":0,"rotation":0,"texture":"#0"}}},{"from":[13.3,18.466667,13.3],"to":[2.7,7.8666677,2.7],"faces":{"east":{"uv":[15.875,15.875,16.0,16.0],"tintindex":0,"rotation":0,"texture":"#0"},"south":{"uv":[15.875,15.875,16.0,16.0],"tintindex":0,"rotation":0,"texture":"#0"},"north":{"uv":[15.875,15.875,16.0,16.0],"tintindex":0,"rotation":0,"texture":"#0"},"west":{"uv":[15.875,15.875,16.0,16.0],"tintindex":0,"rotation":0,"texture":"#0"},"up":{"uv":[15.875,15.875,16.0,16.0],"tintindex":0,"rotation":0,"texture":"#0"},"down":{"uv":[15.875,15.875,16.0,16.0],"tintindex":0,"rotation":0,"texture":"#0"}}}],"display":{"gui":{"rotation":[30,225,0]}}}