{"textures":{"0":"modelengine:entity/banso"},"elements":[{"from":[4.74,-1.26,1.99],"to":[11.26,6.26,8.51],"faces":{"east":{"uv":[3.75,11.5,4.5,12.375],"tintindex":0,"rotation":0,"texture":"#0"},"south":{"uv":[11.5,5.25,12.25,6.125],"tintindex":0,"rotation":0,"texture":"#0"},"north":{"uv":[3.0,11.5,3.75,12.375],"tintindex":0,"rotation":0,"texture":"#0"},"west":{"uv":[11.5,6.125,12.25,7.0],"tintindex":0,"rotation":0,"texture":"#0"},"up":{"uv":[6.75,12.875,6.0,12.125],"tintindex":0,"rotation":0,"texture":"#0"},"down":{"uv":[8.875,12.125,8.125,12.875],"tintindex":0,"rotation":0,"texture":"#0"}}},{"from":[4.99,-1.01,2.24],"to":[11.01,8.01,8.26],"faces":{"east":{"uv":[0.0,14.5,0.75,15.625],"tintindex":0,"rotation":0,"texture":"#0"},"south":{"uv":[0.75,14.5,1.5,15.625],"tintindex":0,"rotation":0,"texture":"#0"},"north":{"uv":[3.75,14.375,4.5,15.5],"tintindex":0,"rotation":0,"texture":"#0"},"west":{"uv":[1.5,14.5,2.25,15.625],"tintindex":0,"rotation":0,"texture":"#0"},"up":{"uv":[3.75,15.25,3.0,14.5],"tintindex":0,"rotation":0,"texture":"#0"},"down":{"uv":[3.0,14.5,2.25,15.25],"tintindex":0,"rotation":0,"texture":"#0"}}},{"from":[11.3,8.3,8.55],"to":[4.7,-1.3,1.95],"faces":{"east":{"uv":[15.875,15.875,16.0,16.0],"tintindex":0,"rotation":0,"texture":"#0"},"south":{"uv":[15.875,15.875,16.0,16.0],"tintindex":0,"rotation":0,"texture":"#0"},"north":{"uv":[15.875,15.875,16.0,16.0],"tintindex":0,"rotation":0,"texture":"#0"},"west":{"uv":[15.875,15.875,16.0,16.0],"tintindex":0,"rotation":0,"texture":"#0"},"up":{"uv":[15.875,15.875,16.0,16.0],"tintindex":0,"rotation":0,"texture":"#0"},"down":{"uv":[15.875,15.75,16.0,15.875],"tintindex":0,"rotation":0,"texture":"#0"}}},{"from":[11.56,6.56,8.81],"to":[4.44,-1.56,1.69],"faces":{"east":{"uv":[15.875,15.875,16.0,16.0],"tintindex":0,"rotation":0,"texture":"#0"},"south":{"uv":[15.875,15.875,16.0,16.0],"tintindex":0,"rotation":0,"texture":"#0"},"north":{"uv":[15.875,15.875,16.0,16.0],"tintindex":0,"rotation":0,"texture":"#0"},"west":{"uv":[15.875,15.875,16.0,16.0],"tintindex":0,"rotation":0,"texture":"#0"},"up":{"uv":[15.875,15.875,16.0,16.0],"tintindex":0,"rotation":0,"texture":"#0"},"down":{"uv":[15.875,15.75,16.0,15.875],"tintindex":0,"rotation":0,"texture":"#0"}}}],"display":{"gui":{"rotation":[30,225,0]}}}