{"textures":{"0":"modelengine:entity/banso"},"elements":[{"from":[11.8,8.500001,12.3],"to":[4.2,-4.0999994,3.7],"faces":{"east":{"uv":[15.875,15.875,16.0,16.0],"tintindex":0,"rotation":0,"texture":"#0"},"south":{"uv":[15.875,15.875,16.0,16.0],"tintindex":0,"rotation":0,"texture":"#0"},"north":{"uv":[15.875,15.875,16.0,16.0],"tintindex":0,"rotation":0,"texture":"#0"},"west":{"uv":[15.875,15.875,16.0,16.0],"tintindex":0,"rotation":0,"texture":"#0"},"up":{"uv":[15.875,15.875,16.0,16.0],"tintindex":0,"rotation":0,"texture":"#0"},"down":{"uv":[15.875,15.875,16.0,16.0],"tintindex":0,"rotation":0,"texture":"#0"}}},{"from":[4.5,-3.7999992,4.0],"to":[11.5,8.200001,12.0],"faces":{"east":{"uv":[3.375,7.875,4.25,9.25],"tintindex":0,"rotation":0,"texture":"#0"},"south":{"uv":[1.5,8.375,2.25,9.75],"tintindex":0,"rotation":0,"texture":"#0"},"north":{"uv":[0.75,8.375,1.5,9.75],"tintindex":0,"rotation":0,"texture":"#0"},"west":{"uv":[7.875,4.0,8.75,5.375],"tintindex":0,"rotation":0,"texture":"#0"},"up":{"uv":[11.875,0.875,11.125,0.0],"tintindex":0,"rotation":0,"texture":"#0"},"down":{"uv":[11.875,0.875,11.125,1.75],"tintindex":0,"rotation":0,"texture":"#0"}}}],"display":{"gui":{"rotation":[30,225,0]}}}