{"textures":{"1":"modelengine:entity/bandit_goon_skin"},"elements":[{"from":[4.25,3.583332,5.75],"to":[7.75,10.083332,10.25],"faces":{"east":{"uv":[6.75,9.5,7.75,11.0],"tintindex":0,"rotation":0,"texture":"#1"},"south":{"uv":[11.75,11.75,12.5,13.25],"tintindex":0,"rotation":0,"texture":"#1"},"north":{"uv":[11.75,10.25,12.5,11.75],"tintindex":0,"rotation":0,"texture":"#1"},"west":{"uv":[9.5,7.5,10.5,9.0],"tintindex":0,"rotation":0,"texture":"#1"},"up":{"uv":[5.75,14.25,5.0,13.25],"tintindex":0,"rotation":0,"texture":"#1"},"down":{"uv":[6.5,13.25,5.75,14.25],"tintindex":0,"rotation":0,"texture":"#1"}}},{"from":[7.95,10.283332,10.45],"to":[4.05,3.383332,5.55],"faces":{"east":{"uv":[15.75,15.75,16.0,16.0],"tintindex":0,"rotation":0,"texture":"#1"},"south":{"uv":[15.75,15.75,16.0,16.0],"tintindex":0,"rotation":0,"texture":"#1"},"north":{"uv":[15.75,15.75,16.0,16.0],"tintindex":0,"rotation":0,"texture":"#1"},"west":{"uv":[15.75,15.75,16.0,16.0],"tintindex":0,"rotation":0,"texture":"#1"},"up":{"uv":[15.75,15.5,16.0,15.75],"tintindex":0,"rotation":0,"texture":"#1"},"down":{"uv":[15.75,15.75,16.0,16.0],"tintindex":0,"rotation":0,"texture":"#1"}}},{"from":[4.5,3.833332,6.0],"to":[7.5,9.833332,10.0],"faces":{"east":{"uv":[5.0,8.0,6.0,9.5],"tintindex":0,"rotation":0,"texture":"#1"},"south":{"uv":[11.75,8.75,12.5,10.25],"tintindex":0,"rotation":0,"texture":"#1"},"north":{"uv":[10.0,11.5,10.75,13.0],"tintindex":0,"rotation":0,"texture":"#1"},"west":{"uv":[5.75,9.5,6.75,11.0],"tintindex":0,"rotation":0,"texture":"#1"},"up":{"uv":[10.0,13.75,9.25,12.75],"tintindex":0,"rotation":0,"texture":"#1"},"down":{"uv":[4.25,13.0,3.5,14.0],"tintindex":0,"rotation":0,"texture":"#1"}}}],"display":{"gui":{"rotation":[30,225,0]}}}