{"textures":{"0":"modelengine:entity/banso"},"elements":[{"from":[2.0,-1.3966389,4.8980503],"to":[8.0,4.603363,10.89805],"faces":{"east":{"uv":[6.0,14.375,6.75,15.125],"tintindex":0,"rotation":0,"texture":"#0"},"south":{"uv":[5.25,14.375,6.0,15.125],"tintindex":0,"rotation":0,"texture":"#0"},"north":{"uv":[6.0,15.125,6.75,15.875],"tintindex":0,"rotation":0,"texture":"#0"},"west":{"uv":[4.5,14.375,5.25,15.125],"tintindex":0,"rotation":0,"texture":"#0"},"up":{"uv":[6.0,15.875,5.25,15.125],"tintindex":0,"rotation":0,"texture":"#0"},"down":{"uv":[5.25,15.125,4.5,15.875],"tintindex":0,"rotation":0,"texture":"#0"}}},{"from":[8.3,4.903363,11.1980505],"to":[1.7,-1.6966388,4.59805],"faces":{"east":{"uv":[15.875,15.875,16.0,16.0],"tintindex":0,"rotation":0,"texture":"#0"},"south":{"uv":[15.875,15.875,16.0,16.0],"tintindex":0,"rotation":0,"texture":"#0"},"north":{"uv":[15.875,15.875,16.0,16.0],"tintindex":0,"rotation":0,"texture":"#0"},"west":{"uv":[15.875,15.875,16.0,16.0],"tintindex":0,"rotation":0,"texture":"#0"},"up":{"uv":[15.875,15.75,16.0,15.875],"tintindex":0,"rotation":0,"texture":"#0"},"down":{"uv":[15.875,15.875,16.0,16.0],"tintindex":0,"rotation":0,"texture":"#0"}}},{"from":[8.55,1.6533611,11.4480505],"to":[1.45,-1.4466388,4.34805],"faces":{"east":{"uv":[15.875,15.875,16.0,16.0],"tintindex":0,"rotation":0,"texture":"#0"},"south":{"uv":[15.875,15.875,16.0,16.0],"tintindex":0,"rotation":0,"texture":"#0"},"north":{"uv":[15.875,15.875,16.0,16.0],"tintindex":0,"rotation":0,"texture":"#0"},"west":{"uv":[15.875,15.875,16.0,16.0],"tintindex":0,"rotation":0,"texture":"#0"},"up":{"uv":[15.875,15.75,16.0,15.875],"tintindex":0,"rotation":0,"texture":"#0"},"down":{"uv":[15.875,15.75,16.0,15.875],"tintindex":0,"rotation":0,"texture":"#0"}}},{"from":[1.5,4.646637,4.6019497],"to":[8.5,11.646637,11.60195],"faces":{"east":{"uv":[10.25,10.375,11.125,11.25],"tintindex":0,"rotation":0,"texture":"#0"},"south":{"uv":[10.5,5.125,11.375,6.0],"tintindex":0,"rotation":0,"texture":"#0"},"north":{"uv":[9.375,10.375,10.25,11.25],"tintindex":0,"rotation":0,"texture":"#0"},"west":{"uv":[5.625,10.5,6.5,11.375],"tintindex":0,"rotation":0,"texture":"#0"},"up":{"uv":[1.875,11.5,1.0,10.625],"tintindex":0,"rotation":0,"texture":"#0"},"down":{"uv":[2.75,10.625,1.875,11.5],"tintindex":0,"rotation":0,"texture":"#0"}}},{"from":[8.25,1.3533611,11.14805],"to":[1.75,-1.1466389,4.6480503],"faces":{"east":{"uv":[5.125,13.25,5.875,13.0],"tintindex":0,"rotation":0,"texture":"#0"},"south":{"uv":[6.25,4.0,7.0,3.75],"tintindex":0,"rotation":0,"texture":"#0"},"north":{"uv":[12.375,7.75,13.125,7.5],"tintindex":0,"rotation":0,"texture":"#0"},"west":{"uv":[12.25,9.25,13.0,9.0],"tintindex":0,"rotation":0,"texture":"#0"},"up":{"uv":[10.75,12.0,11.5,12.75],"tintindex":0,"rotation":0,"texture":"#0"},"down":{"uv":[11.875,12.5,12.625,11.75],"tintindex":0,"rotation":0,"texture":"#0"}}},{"from":[1.75,-1.1466389,4.6480503],"to":[8.25,1.3533611,11.14805],"faces":{"east":{"uv":[12.25,9.0,13.0,9.25],"tintindex":0,"rotation":0,"texture":"#0"},"south":{"uv":[12.375,7.5,13.125,7.75],"tintindex":0,"rotation":0,"texture":"#0"},"north":{"uv":[6.25,3.75,7.0,4.0],"tintindex":0,"rotation":0,"texture":"#0"},"west":{"uv":[5.125,13.0,5.875,13.25],"tintindex":0,"rotation":0,"texture":"#0"},"up":{"uv":[12.625,12.5,11.875,11.75],"tintindex":0,"rotation":0,"texture":"#0"},"down":{"uv":[11.5,12.0,10.75,12.75],"tintindex":0,"rotation":0,"texture":"#0"}}},{"from":[8.8,11.946637,11.90195],"to":[1.2,4.346637,4.3019495],"faces":{"east":{"uv":[15.875,15.875,16.0,16.0],"tintindex":0,"rotation":0,"texture":"#0"},"south":{"uv":[15.875,15.875,16.0,16.0],"tintindex":0,"rotation":0,"texture":"#0"},"north":{"uv":[15.875,15.875,16.0,16.0],"tintindex":0,"rotation":0,"texture":"#0"},"west":{"uv":[15.875,15.875,16.0,16.0],"tintindex":0,"rotation":0,"texture":"#0"},"up":{"uv":[15.875,15.75,16.0,15.875],"tintindex":0,"rotation":0,"texture":"#0"},"down":{"uv":[15.875,15.875,16.0,16.0],"tintindex":0,"rotation":0,"texture":"#0"}}}],"display":{"gui":{"rotation":[30,225,0]}}}