{"textures":{"0":"modelengine:entity/banso"},"elements":[{"from":[12.3,2.8,13.3],"to":[5.7,-3.8,6.7],"faces":{"east":{"uv":[15.875,15.875,16.0,16.0],"tintindex":0,"rotation":0,"texture":"#0"},"south":{"uv":[15.875,15.875,16.0,16.0],"tintindex":0,"rotation":0,"texture":"#0"},"north":{"uv":[15.875,15.875,16.0,16.0],"tintindex":0,"rotation":0,"texture":"#0"},"west":{"uv":[15.875,15.875,16.0,16.0],"tintindex":0,"rotation":0,"texture":"#0"},"up":{"uv":[15.875,15.875,16.0,16.0],"tintindex":0,"rotation":0,"texture":"#0"},"down":{"uv":[15.875,15.875,16.0,16.0],"tintindex":0,"rotation":0,"texture":"#0"}}},{"from":[6.0,-3.5,7.0],"to":[12.0,2.5,13.0],"faces":{"east":{"uv":[12.5,12.5,13.125,13.125],"tintindex":0,"rotation":0,"texture":"#0"},"south":{"uv":[12.625,0.0,13.25,0.625],"tintindex":0,"rotation":0,"texture":"#0"},"north":{"uv":[11.875,12.5,12.5,13.125],"tintindex":0,"rotation":0,"texture":"#0"},"west":{"uv":[12.625,0.625,13.25,1.25],"tintindex":0,"rotation":0,"texture":"#0"},"up":{"uv":[13.25,1.875,12.625,1.25],"tintindex":0,"rotation":0,"texture":"#0"},"down":{"uv":[13.25,1.875,12.625,2.5],"tintindex":0,"rotation":0,"texture":"#0"}}},{"from":[6.25,-3.25,7.25],"to":[11.75,8.25,12.75],"faces":{"east":{"uv":[6.0,9.125,6.625,10.5],"tintindex":0,"rotation":0,"texture":"#0"},"south":{"uv":[9.125,7.125,9.75,8.5],"tintindex":0,"rotation":0,"texture":"#0"},"north":{"uv":[8.5,9.0,9.125,10.375],"tintindex":0,"rotation":0,"texture":"#0"},"west":{"uv":[9.125,8.5,9.75,9.875],"tintindex":0,"rotation":0,"texture":"#0"},"up":{"uv":[11.375,5.0,10.75,4.375],"tintindex":0,"rotation":0,"texture":"#0"},"down":{"uv":[10.125,12.5,9.5,13.125],"tintindex":0,"rotation":0,"texture":"#0"}}},{"from":[12.05,8.55,13.05],"to":[5.95,-3.55,6.95],"faces":{"east":{"uv":[15.875,15.875,16.0,16.0],"tintindex":0,"rotation":0,"texture":"#0"},"south":{"uv":[15.875,15.875,16.0,16.0],"tintindex":0,"rotation":0,"texture":"#0"},"north":{"uv":[15.875,15.875,16.0,16.0],"tintindex":0,"rotation":0,"texture":"#0"},"west":{"uv":[15.875,15.875,16.0,16.0],"tintindex":0,"rotation":0,"texture":"#0"},"up":{"uv":[15.875,15.875,16.0,16.0],"tintindex":0,"rotation":0,"texture":"#0"},"down":{"uv":[15.875,15.875,16.0,16.0],"tintindex":0,"rotation":0,"texture":"#0"}}}],"display":{"gui":{"rotation":[30,225,0]}}}