{"textures":{"0":"modelengine:entity/banso"},"elements":[{"from":[14.502651,15.715485,12.5],"to":[-0.4973488,9.715485,3.5],"faces":{"east":{"uv":[9.375,6.25,10.5,5.5],"tintindex":0,"rotation":0,"texture":"#0"},"south":{"uv":[2.5,7.875,4.375,7.125],"tintindex":0,"rotation":0,"texture":"#0"},"north":{"uv":[4.375,7.875,6.25,7.125],"tintindex":0,"rotation":0,"texture":"#0"},"west":{"uv":[4.75,10.0,5.875,9.25],"tintindex":0,"rotation":0,"texture":"#0"},"up":{"uv":[4.125,4.75,6.0,5.875],"tintindex":0,"rotation":0,"texture":"#0"},"down":{"uv":[2.25,5.875,4.125,4.75],"tintindex":0,"rotation":0,"texture":"#0"}},"rotation":{"origin":[-7.997349,6.7154846,-1.0],"angle":-22.5,"axis":"z"}},{"from":[0.65694475,3.518509,3.5],"to":[15.656944,9.518509,12.5],"faces":{"east":{"uv":[4.75,9.25,5.875,10.0],"tintindex":0,"rotation":0,"texture":"#0"},"south":{"uv":[4.375,7.125,6.25,7.875],"tintindex":0,"rotation":0,"texture":"#0"},"north":{"uv":[2.5,7.125,4.375,7.875],"tintindex":0,"rotation":0,"texture":"#0"},"west":{"uv":[9.375,5.5,10.5,6.25],"tintindex":0,"rotation":0,"texture":"#0"},"up":{"uv":[4.125,5.875,2.25,4.75],"tintindex":0,"rotation":0,"texture":"#0"},"down":{"uv":[6.0,4.75,4.125,5.875],"tintindex":0,"rotation":0,"texture":"#0"}},"rotation":{"origin":[8.156944,6.518509,8.0],"angle":-22.5,"axis":"z"}},{"from":[5.15,7.0,2.5],"to":[9.15,10.0,3.5],"faces":{"east":{"uv":[6.125,5.25,6.25,5.625],"tintindex":0,"rotation":0,"texture":"#0"},"south":{"uv":[13.0,5.25,13.5,5.625],"tintindex":0,"rotation":0,"texture":"#0"},"north":{"uv":[1.625,13.0,2.125,13.375],"tintindex":0,"rotation":0,"texture":"#0"},"west":{"uv":[7.25,4.0,7.375,4.375],"tintindex":0,"rotation":0,"texture":"#0"},"up":{"uv":[1.75,5.875,1.25,5.75],"tintindex":0,"rotation":0,"texture":"#0"},"down":{"uv":[2.25,5.75,1.75,5.875],"tintindex":0,"rotation":0,"texture":"#0"}},"rotation":{"origin":[8.0,8.0,8.0],"angle":-22.5,"axis":"z"}}],"display":{"gui":{"rotation":[30,225,0]}}}