{"textures":{"0":"modelengine:entity/banso"},"elements":[{"from":[11.56,6.56,8.81],"to":[4.44,-1.56,1.69],"faces":{"east":{"uv":[15.875,15.875,16.0,16.0],"tintindex":0,"rotation":0,"texture":"#0"},"south":{"uv":[15.875,15.875,16.0,16.0],"tintindex":0,"rotation":0,"texture":"#0"},"north":{"uv":[15.875,15.875,16.0,16.0],"tintindex":0,"rotation":0,"texture":"#0"},"west":{"uv":[15.875,15.875,16.0,16.0],"tintindex":0,"rotation":0,"texture":"#0"},"up":{"uv":[15.875,15.875,16.0,16.0],"tintindex":0,"rotation":0,"texture":"#0"},"down":{"uv":[15.875,15.75,16.0,15.875],"tintindex":0,"rotation":0,"texture":"#0"}}},{"from":[11.3,8.3,8.55],"to":[4.7,-1.3,1.95],"faces":{"east":{"uv":[15.875,15.875,16.0,16.0],"tintindex":0,"rotation":0,"texture":"#0"},"south":{"uv":[15.875,15.875,16.0,16.0],"tintindex":0,"rotation":0,"texture":"#0"},"north":{"uv":[15.875,15.875,16.0,16.0],"tintindex":0,"rotation":0,"texture":"#0"},"west":{"uv":[15.875,15.875,16.0,16.0],"tintindex":0,"rotation":0,"texture":"#0"},"up":{"uv":[15.875,15.875,16.0,16.0],"tintindex":0,"rotation":0,"texture":"#0"},"down":{"uv":[15.875,15.875,16.0,16.0],"tintindex":0,"rotation":0,"texture":"#0"}}},{"from":[4.74,-1.26,1.99],"to":[11.26,6.26,8.51],"faces":{"east":{"uv":[12.25,6.125,11.5,7.0],"tintindex":0,"rotation":0,"texture":"#0"},"south":{"uv":[12.25,5.25,11.5,6.125],"tintindex":0,"rotation":0,"texture":"#0"},"north":{"uv":[3.75,11.5,3.0,12.375],"tintindex":0,"rotation":0,"texture":"#0"},"west":{"uv":[4.5,11.5,3.75,12.375],"tintindex":0,"rotation":0,"texture":"#0"},"up":{"uv":[6.0,12.875,6.75,12.125],"tintindex":0,"rotation":0,"texture":"#0"},"down":{"uv":[8.125,12.125,8.875,12.875],"tintindex":0,"rotation":0,"texture":"#0"}}},{"from":[4.99,-1.01,2.24],"to":[11.01,8.01,8.26],"faces":{"east":{"uv":[2.25,14.5,1.5,15.625],"tintindex":0,"rotation":0,"texture":"#0"},"south":{"uv":[1.5,14.5,0.75,15.625],"tintindex":0,"rotation":0,"texture":"#0"},"north":{"uv":[4.5,14.375,3.75,15.5],"tintindex":0,"rotation":0,"texture":"#0"},"west":{"uv":[0.75,14.5,0.0,15.625],"tintindex":0,"rotation":0,"texture":"#0"},"up":{"uv":[3.0,15.25,3.75,14.5],"tintindex":0,"rotation":0,"texture":"#0"},"down":{"uv":[2.25,14.5,3.0,15.25],"tintindex":0,"rotation":0,"texture":"#0"}}}],"display":{"gui":{"rotation":[30,225,0]}}}