{"textures":{"1":"modelengine:entity/bandit_goon_skin"},"elements":[{"from":[6.5,3.5,4.0],"to":[9.5,8.5,8.0],"faces":{"east":{"uv":[11.0,0.0,12.0,1.25],"tintindex":0,"rotation":0,"texture":"#1"},"south":{"uv":[8.5,12.75,9.25,14.0],"tintindex":0,"rotation":0,"texture":"#1"},"north":{"uv":[12.75,6.0,13.5,7.25],"tintindex":0,"rotation":0,"texture":"#1"},"west":{"uv":[11.0,1.25,12.0,2.5],"tintindex":0,"rotation":0,"texture":"#1"},"up":{"uv":[14.25,4.5,13.5,3.5],"tintindex":0,"rotation":0,"texture":"#1"},"down":{"uv":[14.25,4.5,13.5,5.5],"tintindex":0,"rotation":0,"texture":"#1"}}},{"from":[9.7,8.7,8.2],"to":[6.3,3.3,3.8],"faces":{"east":{"uv":[15.75,15.75,16.0,16.0],"tintindex":0,"rotation":0,"texture":"#1"},"south":{"uv":[15.75,15.75,16.0,16.0],"tintindex":0,"rotation":0,"texture":"#1"},"north":{"uv":[15.75,15.75,16.0,16.0],"tintindex":0,"rotation":0,"texture":"#1"},"west":{"uv":[15.75,15.75,16.0,16.0],"tintindex":0,"rotation":0,"texture":"#1"},"up":{"uv":[15.75,15.75,16.0,16.0],"tintindex":0,"rotation":0,"texture":"#1"},"down":{"uv":[15.75,15.75,16.0,16.0],"tintindex":0,"rotation":0,"texture":"#1"}}}],"display":{"gui":{"rotation":[30,225,0]}}}