{"textures":{"1":"modelengine:entity/bandit_goon_skin"},"elements":[{"from":[6.0,3.0,7.75],"to":[10.0,8.0,11.75],"faces":{"east":{"uv":[9.0,11.5,10.0,12.75],"tintindex":0,"rotation":0,"texture":"#1"},"south":{"uv":[11.75,3.75,12.75,5.0],"tintindex":0,"rotation":0,"texture":"#1"},"north":{"uv":[11.5,7.5,12.5,8.75],"tintindex":0,"rotation":0,"texture":"#1"},"west":{"uv":[11.75,5.0,12.75,6.25],"tintindex":0,"rotation":0,"texture":"#1"},"up":{"uv":[13.5,13.25,12.5,12.25],"tintindex":0,"rotation":0,"texture":"#1"},"down":{"uv":[1.0,12.75,0.0,13.75],"tintindex":0,"rotation":0,"texture":"#1"}}},{"from":[10.46,6.46,12.21],"to":[5.54,2.54,7.29],"faces":{"east":{"uv":[15.75,15.75,16.0,16.0],"tintindex":0,"rotation":0,"texture":"#1"},"south":{"uv":[15.75,15.75,16.0,16.0],"tintindex":0,"rotation":0,"texture":"#1"},"north":{"uv":[15.75,15.75,16.0,16.0],"tintindex":0,"rotation":0,"texture":"#1"},"west":{"uv":[15.75,15.75,16.0,16.0],"tintindex":0,"rotation":0,"texture":"#1"},"up":{"uv":[15.75,15.75,16.0,16.0],"tintindex":0,"rotation":0,"texture":"#1"},"down":{"uv":[15.75,15.5,16.0,15.75],"tintindex":0,"rotation":0,"texture":"#1"}}},{"from":[5.74,2.74,7.49],"to":[10.26,6.26,12.01],"faces":{"east":{"uv":[13.5,11.0,14.5,11.75],"tintindex":0,"rotation":0,"texture":"#1"},"south":{"uv":[13.5,11.75,14.5,12.5],"tintindex":0,"rotation":0,"texture":"#1"},"north":{"uv":[10.75,13.5,11.75,14.25],"tintindex":0,"rotation":0,"texture":"#1"},"west":{"uv":[13.5,12.5,14.5,13.25],"tintindex":0,"rotation":0,"texture":"#1"},"up":{"uv":[13.75,1.0,12.75,0.0],"tintindex":0,"rotation":0,"texture":"#1"},"down":{"uv":[2.0,12.75,1.0,13.75],"tintindex":0,"rotation":0,"texture":"#1"}}},{"from":[10.2,8.2,11.95],"to":[5.8,2.8,7.55],"faces":{"east":{"uv":[15.75,15.75,16.0,16.0],"tintindex":0,"rotation":0,"texture":"#1"},"south":{"uv":[15.75,15.75,16.0,16.0],"tintindex":0,"rotation":0,"texture":"#1"},"north":{"uv":[15.75,15.75,16.0,16.0],"tintindex":0,"rotation":0,"texture":"#1"},"west":{"uv":[15.75,15.75,16.0,16.0],"tintindex":0,"rotation":0,"texture":"#1"},"up":{"uv":[15.75,15.75,16.0,16.0],"tintindex":0,"rotation":0,"texture":"#1"},"down":{"uv":[15.75,15.75,16.0,16.0],"tintindex":0,"rotation":0,"texture":"#1"}}}],"display":{"gui":{"rotation":[30,225,0]}}}