{"textures":{"1":"modelengine:entity/bandit_goon_skin"},"elements":[{"from":[11.95,10.283332,10.45],"to":[8.05,3.383332,5.55],"faces":{"east":{"uv":[15.75,15.75,16.0,16.0],"tintindex":0,"rotation":0,"texture":"#1"},"south":{"uv":[15.75,15.75,16.0,16.0],"tintindex":0,"rotation":0,"texture":"#1"},"north":{"uv":[15.75,15.75,16.0,16.0],"tintindex":0,"rotation":0,"texture":"#1"},"west":{"uv":[15.75,15.75,16.0,16.0],"tintindex":0,"rotation":0,"texture":"#1"},"up":{"uv":[15.75,15.5,16.0,15.75],"tintindex":0,"rotation":0,"texture":"#1"},"down":{"uv":[15.75,15.75,16.0,16.0],"tintindex":0,"rotation":0,"texture":"#1"}}},{"from":[8.5,3.833332,6.0],"to":[11.5,9.833332,10.0],"faces":{"east":{"uv":[7.75,9.5,8.75,11.0],"tintindex":0,"rotation":0,"texture":"#1"},"south":{"uv":[12.0,1.5,12.75,3.0],"tintindex":0,"rotation":0,"texture":"#1"},"north":{"uv":[12.0,0.0,12.75,1.5],"tintindex":0,"rotation":0,"texture":"#1"},"west":{"uv":[8.75,9.5,9.75,11.0],"tintindex":0,"rotation":0,"texture":"#1"},"up":{"uv":[2.75,14.5,2.0,13.5],"tintindex":0,"rotation":0,"texture":"#1"},"down":{"uv":[3.5,13.5,2.75,14.5],"tintindex":0,"rotation":0,"texture":"#1"}}},{"from":[8.25,3.583332,5.75],"to":[11.75,10.083332,10.25],"faces":{"east":{"uv":[9.75,3.75,10.75,5.25],"tintindex":0,"rotation":0,"texture":"#1"},"south":{"uv":[2.75,12.0,3.5,13.5],"tintindex":0,"rotation":0,"texture":"#1"},"north":{"uv":[2.0,12.0,2.75,13.5],"tintindex":0,"rotation":0,"texture":"#1"},"west":{"uv":[9.75,5.25,10.75,6.75],"tintindex":0,"rotation":0,"texture":"#1"},"up":{"uv":[14.25,6.5,13.5,5.5],"tintindex":0,"rotation":0,"texture":"#1"},"down":{"uv":[14.25,6.5,13.5,7.5],"tintindex":0,"rotation":0,"texture":"#1"}}}],"display":{"gui":{"rotation":[30,225,0]}}}