{"textures":{"0":"modelengine:entity/banso"},"elements":[{"from":[11.3,2.8,13.3],"to":[4.7,-3.8,6.7],"faces":{"east":{"uv":[15.875,15.875,16.0,16.0],"tintindex":0,"rotation":0,"texture":"#0"},"south":{"uv":[15.875,15.875,16.0,16.0],"tintindex":0,"rotation":0,"texture":"#0"},"north":{"uv":[15.875,15.875,16.0,16.0],"tintindex":0,"rotation":0,"texture":"#0"},"west":{"uv":[15.875,15.875,16.0,16.0],"tintindex":0,"rotation":0,"texture":"#0"},"up":{"uv":[15.875,15.875,16.0,16.0],"tintindex":0,"rotation":0,"texture":"#0"},"down":{"uv":[15.875,15.875,16.0,16.0],"tintindex":0,"rotation":0,"texture":"#0"}}},{"from":[11.05,8.55,13.05],"to":[4.95,-3.55,6.95],"faces":{"east":{"uv":[15.875,15.875,16.0,16.0],"tintindex":0,"rotation":0,"texture":"#0"},"south":{"uv":[15.875,15.875,16.0,16.0],"tintindex":0,"rotation":0,"texture":"#0"},"north":{"uv":[15.875,15.875,16.0,16.0],"tintindex":0,"rotation":0,"texture":"#0"},"west":{"uv":[15.875,15.875,16.0,16.0],"tintindex":0,"rotation":0,"texture":"#0"},"up":{"uv":[15.875,15.875,16.0,16.0],"tintindex":0,"rotation":0,"texture":"#0"},"down":{"uv":[15.875,15.875,16.0,16.0],"tintindex":0,"rotation":0,"texture":"#0"}}},{"from":[5.25,-3.25,7.25],"to":[10.75,8.25,12.75],"faces":{"east":{"uv":[2.875,9.25,3.5,10.625],"tintindex":0,"rotation":0,"texture":"#0"},"south":{"uv":[3.5,9.25,4.125,10.625],"tintindex":0,"rotation":0,"texture":"#0"},"north":{"uv":[2.25,9.25,2.875,10.625],"tintindex":0,"rotation":0,"texture":"#0"},"west":{"uv":[4.125,9.25,4.75,10.625],"tintindex":0,"rotation":0,"texture":"#0"},"up":{"uv":[13.25,3.125,12.625,2.5],"tintindex":0,"rotation":0,"texture":"#0"},"down":{"uv":[13.25,3.125,12.625,3.75],"tintindex":0,"rotation":0,"texture":"#0"}}},{"from":[5.0,-3.5,7.0],"to":[11.0,2.5,13.0],"faces":{"east":{"uv":[12.625,10.875,13.25,11.5],"tintindex":0,"rotation":0,"texture":"#0"},"south":{"uv":[12.625,11.5,13.25,12.125],"tintindex":0,"rotation":0,"texture":"#0"},"north":{"uv":[12.625,10.25,13.25,10.875],"tintindex":0,"rotation":0,"texture":"#0"},"west":{"uv":[10.75,12.75,11.375,13.375],"tintindex":0,"rotation":0,"texture":"#0"},"up":{"uv":[2.875,13.5,2.25,12.875],"tintindex":0,"rotation":0,"texture":"#0"},"down":{"uv":[3.5,12.875,2.875,13.5],"tintindex":0,"rotation":0,"texture":"#0"}}}],"display":{"gui":{"rotation":[30,225,0]}}}