{"textures":{"0":"modelengine:entity/banso"},"elements":[{"from":[7.48,-1.4166389,4.3780503],"to":[14.52,2.623363,11.418051],"faces":{"east":{"uv":[12.625,12.125,13.375,12.5],"tintindex":0,"rotation":0,"texture":"#0"},"south":{"uv":[6.0,12.875,6.75,13.25],"tintindex":0,"rotation":0,"texture":"#0"},"north":{"uv":[9.5,5.125,10.25,5.5],"tintindex":0,"rotation":0,"texture":"#0"},"west":{"uv":[7.125,12.875,7.875,13.25],"tintindex":0,"rotation":0,"texture":"#0"},"up":{"uv":[5.25,12.5,4.5,11.75],"tintindex":0,"rotation":0,"texture":"#0"},"down":{"uv":[12.625,0.0,11.875,0.75],"tintindex":0,"rotation":0,"texture":"#0"}}},{"from":[14.82,2.923363,11.71805],"to":[7.18,-1.7166388,4.07805],"faces":{"east":{"uv":[15.875,15.875,16.0,16.0],"tintindex":0,"rotation":0,"texture":"#0"},"south":{"uv":[15.875,15.875,16.0,16.0],"tintindex":0,"rotation":0,"texture":"#0"},"north":{"uv":[15.875,15.875,16.0,16.0],"tintindex":0,"rotation":0,"texture":"#0"},"west":{"uv":[15.875,15.875,16.0,16.0],"tintindex":0,"rotation":0,"texture":"#0"},"up":{"uv":[15.875,15.75,16.0,15.875],"tintindex":0,"rotation":0,"texture":"#0"},"down":{"uv":[15.875,15.75,16.0,15.875],"tintindex":0,"rotation":0,"texture":"#0"}}},{"from":[7.5,4.646637,4.6019497],"to":[14.5,11.646637,11.60195],"faces":{"east":{"uv":[6.5,10.5,5.625,11.375],"tintindex":0,"rotation":0,"texture":"#0"},"south":{"uv":[11.375,5.125,10.5,6.0],"tintindex":0,"rotation":0,"texture":"#0"},"north":{"uv":[10.25,10.375,9.375,11.25],"tintindex":0,"rotation":0,"texture":"#0"},"west":{"uv":[11.125,10.375,10.25,11.25],"tintindex":0,"rotation":0,"texture":"#0"},"up":{"uv":[1.0,11.5,1.875,10.625],"tintindex":0,"rotation":0,"texture":"#0"},"down":{"uv":[1.875,10.625,2.75,11.5],"tintindex":0,"rotation":0,"texture":"#0"}}},{"from":[14.8,11.946637,11.90195],"to":[7.2,4.346637,4.3019495],"faces":{"east":{"uv":[16.0,15.875,15.875,16.0],"tintindex":0,"rotation":0,"texture":"#0"},"south":{"uv":[16.0,15.875,15.875,16.0],"tintindex":0,"rotation":0,"texture":"#0"},"north":{"uv":[16.0,15.875,15.875,16.0],"tintindex":0,"rotation":0,"texture":"#0"},"west":{"uv":[16.0,15.875,15.875,16.0],"tintindex":0,"rotation":0,"texture":"#0"},"up":{"uv":[16.0,15.75,15.875,15.875],"tintindex":0,"rotation":0,"texture":"#0"},"down":{"uv":[16.0,15.875,15.875,16.0],"tintindex":0,"rotation":0,"texture":"#0"}}},{"from":[14.3,4.903363,11.1980505],"to":[7.7,-1.6966388,4.59805],"faces":{"east":{"uv":[15.875,15.875,16.0,16.0],"tintindex":0,"rotation":0,"texture":"#0"},"south":{"uv":[15.875,15.875,16.0,16.0],"tintindex":0,"rotation":0,"texture":"#0"},"north":{"uv":[15.875,15.75,16.0,15.875],"tintindex":0,"rotation":0,"texture":"#0"},"west":{"uv":[15.875,15.875,16.0,16.0],"tintindex":0,"rotation":0,"texture":"#0"},"up":{"uv":[15.875,15.75,16.0,15.875],"tintindex":0,"rotation":0,"texture":"#0"},"down":{"uv":[15.875,15.875,16.0,16.0],"tintindex":0,"rotation":0,"texture":"#0"}}},{"from":[8.0,-1.3966389,4.8980503],"to":[14.0,4.603363,10.89805],"faces":{"east":{"uv":[5.25,14.375,4.5,15.125],"tintindex":0,"rotation":0,"texture":"#0"},"south":{"uv":[6.0,14.375,5.25,15.125],"tintindex":0,"rotation":0,"texture":"#0"},"north":{"uv":[6.75,15.125,6.0,15.875],"tintindex":0,"rotation":0,"texture":"#0"},"west":{"uv":[6.75,14.375,6.0,15.125],"tintindex":0,"rotation":0,"texture":"#0"},"up":{"uv":[5.25,15.875,6.0,15.125],"tintindex":0,"rotation":0,"texture":"#0"},"down":{"uv":[4.5,15.125,5.25,15.875],"tintindex":0,"rotation":0,"texture":"#0"}}}],"display":{"gui":{"rotation":[30,225,0]}}}