{"textures":{"0":"modelengine:entity/banso"},"elements":[{"from":[11.8,8.500001,12.3],"to":[4.2,-4.0999994,3.7],"faces":{"east":{"uv":[15.875,15.875,16.0,16.0],"tintindex":0,"rotation":0,"texture":"#0"},"south":{"uv":[15.875,15.875,16.0,16.0],"tintindex":0,"rotation":0,"texture":"#0"},"north":{"uv":[15.875,15.875,16.0,16.0],"tintindex":0,"rotation":0,"texture":"#0"},"west":{"uv":[15.875,15.875,16.0,16.0],"tintindex":0,"rotation":0,"texture":"#0"},"up":{"uv":[15.875,15.875,16.0,16.0],"tintindex":0,"rotation":0,"texture":"#0"},"down":{"uv":[15.875,15.875,16.0,16.0],"tintindex":0,"rotation":0,"texture":"#0"}}},{"from":[4.5,-3.7999992,4.0],"to":[11.5,8.200001,12.0],"faces":{"east":{"uv":[7.875,5.375,8.75,6.75],"tintindex":0,"rotation":0,"texture":"#0"},"south":{"uv":[8.75,4.125,9.5,5.5],"tintindex":0,"rotation":0,"texture":"#0"},"north":{"uv":[8.75,2.75,9.5,4.125],"tintindex":0,"rotation":0,"texture":"#0"},"west":{"uv":[7.875,6.75,8.75,8.125],"tintindex":0,"rotation":0,"texture":"#0"},"up":{"uv":[11.875,4.375,11.125,3.5],"tintindex":0,"rotation":0,"texture":"#0"},"down":{"uv":[11.875,10.25,11.125,11.125],"tintindex":0,"rotation":0,"texture":"#0"}}}],"display":{"gui":{"rotation":[30,225,0]}}}