{"textures":{"0":"modelengine:entity/banso"},"elements":[{"from":[9.134886,11.452606,4.9],"to":[6.334886,4.6526055,3.6],"faces":{"east":{"uv":[15.875,15.875,16.0,16.0],"tintindex":0,"rotation":0,"texture":"#0"},"south":{"uv":[15.875,15.875,16.0,16.0],"tintindex":0,"rotation":0,"texture":"#0"},"north":{"uv":[15.875,15.875,16.0,16.0],"tintindex":0,"rotation":0,"texture":"#0"},"west":{"uv":[15.875,15.875,16.0,16.0],"tintindex":0,"rotation":0,"texture":"#0"},"up":{"uv":[15.875,15.875,16.0,16.0],"tintindex":0,"rotation":0,"texture":"#0"},"down":{"uv":[15.875,15.875,16.0,16.0],"tintindex":0,"rotation":0,"texture":"#0"}}},{"from":[8.639887,9.782606,-8.52],"to":[6.8298864,6.322606,-11.98],"faces":{"east":{"uv":[15.875,15.875,16.0,16.0],"tintindex":0,"rotation":0,"texture":"#0"},"south":{"uv":[15.875,15.875,16.0,16.0],"tintindex":0,"rotation":0,"texture":"#0"},"north":{"uv":[15.875,15.75,16.0,15.875],"tintindex":0,"rotation":0,"texture":"#0"},"west":{"uv":[15.875,15.875,16.0,16.0],"tintindex":0,"rotation":0,"texture":"#0"},"up":{"uv":[15.875,15.875,16.0,16.0],"tintindex":0,"rotation":0,"texture":"#0"},"down":{"uv":[15.875,15.75,16.0,15.875],"tintindex":0,"rotation":0,"texture":"#0"}},"rotation":{"origin":[7.734886,8.052606,-10.25],"angle":45.0,"axis":"x"}},{"from":[6.484886,4.8026056,3.75],"to":[8.984886,11.302606,4.75],"faces":{"east":{"uv":[7.875,12.25,8.125,13.875],"tintindex":0,"rotation":0,"texture":"#0"},"south":{"uv":[7.875,9.0,8.5,10.625],"tintindex":0,"rotation":0,"texture":"#0"},"north":{"uv":[8.75,5.5,9.375,7.125],"tintindex":0,"rotation":0,"texture":"#0"},"west":{"uv":[9.25,12.5,9.5,14.125],"tintindex":0,"rotation":0,"texture":"#0"},"up":{"uv":[13.625,5.875,13.0,5.625],"tintindex":0,"rotation":0,"texture":"#0"},"down":{"uv":[13.625,5.875,13.0,6.125],"tintindex":0,"rotation":0,"texture":"#0"}}},{"from":[8.884886,9.202606,11.9],"to":[6.584886,6.9026055,10.6],"faces":{"east":{"uv":[15.875,15.875,16.0,16.0],"tintindex":0,"rotation":0,"texture":"#0"},"south":{"uv":[15.875,15.875,16.0,16.0],"tintindex":0,"rotation":0,"texture":"#0"},"north":{"uv":[15.875,15.875,16.0,16.0],"tintindex":0,"rotation":0,"texture":"#0"},"west":{"uv":[15.875,15.875,16.0,16.0],"tintindex":0,"rotation":0,"texture":"#0"},"up":{"uv":[15.875,15.875,16.0,16.0],"tintindex":0,"rotation":0,"texture":"#0"},"down":{"uv":[15.875,15.875,16.0,16.0],"tintindex":0,"rotation":0,"texture":"#0"}}},{"from":[8.634886,8.952606,10.9],"to":[6.834886,7.1526055,4.6],"faces":{"east":{"uv":[15.875,15.875,16.0,16.0],"tintindex":0,"rotation":0,"texture":"#0"},"south":{"uv":[15.875,15.875,16.0,16.0],"tintindex":0,"rotation":0,"texture":"#0"},"north":{"uv":[15.875,15.875,16.0,16.0],"tintindex":0,"rotation":0,"texture":"#0"},"west":{"uv":[15.875,15.875,16.0,16.0],"tintindex":0,"rotation":0,"texture":"#0"},"up":{"uv":[15.875,15.875,16.0,16.0],"tintindex":0,"rotation":0,"texture":"#0"},"down":{"uv":[15.875,15.875,16.0,16.0],"tintindex":0,"rotation":0,"texture":"#0"}}},{"from":[6.984886,5.8026056,-10.25],"to":[8.484886,10.302606,3.75],"faces":{"east":{"uv":[0.0,0.0,3.5,1.125],"tintindex":0,"rotation":0,"texture":"#0"},"south":{"uv":[10.375,12.125,10.75,13.25],"tintindex":0,"rotation":0,"texture":"#0"},"north":{"uv":[8.25,0.0,8.625,1.125],"tintindex":0,"rotation":0,"texture":"#0"},"west":{"uv":[0.0,1.125,3.5,2.25],"tintindex":0,"rotation":0,"texture":"#0"},"up":{"uv":[7.875,4.75,7.5,1.25],"tintindex":0,"rotation":0,"texture":"#0"},"down":{"uv":[7.875,4.75,7.5,8.25],"tintindex":0,"rotation":0,"texture":"#0"}}},{"from":[6.984886,7.3026056,4.75],"to":[8.484886,8.802606,10.75],"faces":{"east":{"uv":[8.875,12.125,10.375,12.5],"tintindex":0,"rotation":0,"texture":"#0"},"south":{"uv":[5.625,10.0,6.0,10.375],"tintindex":0,"rotation":0,"texture":"#0"},"north":{"uv":[7.125,7.75,7.5,8.125],"tintindex":0,"rotation":0,"texture":"#0"},"west":{"uv":[12.125,9.25,13.625,9.625],"tintindex":0,"rotation":0,"texture":"#0"},"up":{"uv":[11.875,13.5,11.5,12.0],"tintindex":0,"rotation":0,"texture":"#0"},"down":{"uv":[7.125,12.125,6.75,13.625],"tintindex":0,"rotation":0,"texture":"#0"}}},{"from":[6.979886,6.4726057,-11.830002],"to":[8.489886,9.632606,-8.669998],"faces":{"east":{"uv":[0.0,12.25,0.75,13.0],"tintindex":0,"rotation":0,"texture":"#0"},"south":{"uv":[1.875,9.75,2.25,10.5],"tintindex":0,"rotation":0,"texture":"#0"},"north":{"uv":[8.75,7.125,9.125,7.875],"tintindex":0,"rotation":0,"texture":"#0"},"west":{"uv":[5.25,12.25,6.0,13.0],"tintindex":0,"rotation":0,"texture":"#0"},"up":{"uv":[11.125,12.0,10.75,11.25],"tintindex":0,"rotation":0,"texture":"#0"},"down":{"uv":[8.5,12.875,8.125,13.625],"tintindex":0,"rotation":0,"texture":"#0"}},"rotation":{"origin":[7.734886,8.052606,-10.25],"angle":45.0,"axis":"x"}},{"from":[6.734886,7.0526056,10.75],"to":[8.734886,9.052606,11.75],"faces":{"east":{"uv":[4.75,1.25,5.0,1.75],"tintindex":0,"rotation":0,"texture":"#0"},"south":{"uv":[1.125,13.0,1.625,13.5],"tintindex":0,"rotation":0,"texture":"#0"},"north":{"uv":[12.875,9.625,13.375,10.125],"tintindex":0,"rotation":0,"texture":"#0"},"west":{"uv":[4.75,1.75,5.0,2.25],"tintindex":0,"rotation":0,"texture":"#0"},"up":{"uv":[2.75,4.75,2.25,4.5],"tintindex":0,"rotation":0,"texture":"#0"},"down":{"uv":[7.5,3.75,7.0,4.0],"tintindex":0,"rotation":0,"texture":"#0"}}},{"from":[8.609886,10.427606,-1.625],"to":[6.859886,5.6776056,-4.875],"faces":{"east":{"uv":[9.5,2.25,10.25,1.125],"tintindex":0,"rotation":0,"texture":"#0"},"south":{"uv":[4.0,13.5,4.375,12.375],"tintindex":0,"rotation":0,"texture":"#0"},"north":{"uv":[4.375,13.625,4.75,12.5],"tintindex":0,"rotation":0,"texture":"#0"},"west":{"uv":[9.5,1.125,10.25,0.0],"tintindex":0,"rotation":0,"texture":"#0"},"up":{"uv":[0.0,13.0,0.375,13.75],"tintindex":0,"rotation":0,"texture":"#0"},"down":{"uv":[8.5,13.625,8.875,12.875],"tintindex":0,"rotation":0,"texture":"#0"}}},{"from":[8.759886,10.577606,-1.4750004],"to":[6.709886,5.5276055,-5.0249996],"faces":{"east":{"uv":[15.875,15.875,16.0,16.0],"tintindex":0,"rotation":0,"texture":"#0"},"south":{"uv":[15.875,15.75,16.0,15.875],"tintindex":0,"rotation":0,"texture":"#0"},"north":{"uv":[15.875,15.75,16.0,15.875],"tintindex":0,"rotation":0,"texture":"#0"},"west":{"uv":[15.875,15.875,16.0,16.0],"tintindex":0,"rotation":0,"texture":"#0"},"up":{"uv":[15.875,15.875,16.0,16.0],"tintindex":0,"rotation":0,"texture":"#0"},"down":{"uv":[15.875,15.875,16.0,16.0],"tintindex":0,"rotation":0,"texture":"#0"}}},{"from":[6.859886,5.6776056,-4.875],"to":[8.609886,10.427606,-1.625],"faces":{"east":{"uv":[9.5,0.0,10.25,1.125],"tintindex":0,"rotation":0,"texture":"#0"},"south":{"uv":[4.375,12.5,4.75,13.625],"tintindex":0,"rotation":0,"texture":"#0"},"north":{"uv":[4.0,12.375,4.375,13.5],"tintindex":0,"rotation":0,"texture":"#0"},"west":{"uv":[9.5,1.125,10.25,2.25],"tintindex":0,"rotation":0,"texture":"#0"},"up":{"uv":[8.875,13.625,8.5,12.875],"tintindex":0,"rotation":0,"texture":"#0"},"down":{"uv":[0.375,13.0,0.0,13.75],"tintindex":0,"rotation":0,"texture":"#0"}}},{"from":[8.759886,10.577606,3.025],"to":[6.709886,5.5276055,-0.5249996],"faces":{"east":{"uv":[15.875,15.875,16.0,16.0],"tintindex":0,"rotation":0,"texture":"#0"},"south":{"uv":[15.875,15.75,16.0,15.875],"tintindex":0,"rotation":0,"texture":"#0"},"north":{"uv":[15.875,15.75,16.0,15.875],"tintindex":0,"rotation":0,"texture":"#0"},"west":{"uv":[15.875,15.875,16.0,16.0],"tintindex":0,"rotation":0,"texture":"#0"},"up":{"uv":[15.875,15.875,16.0,16.0],"tintindex":0,"rotation":0,"texture":"#0"},"down":{"uv":[15.875,15.875,16.0,16.0],"tintindex":0,"rotation":0,"texture":"#0"}}},{"from":[6.859886,5.6776056,-0.375],"to":[8.609886,10.427606,2.875],"faces":{"east":{"uv":[9.5,2.25,10.25,3.375],"tintindex":0,"rotation":0,"texture":"#0"},"south":{"uv":[8.875,12.5,9.25,13.625],"tintindex":0,"rotation":0,"texture":"#0"},"north":{"uv":[4.75,12.5,5.125,13.625],"tintindex":0,"rotation":0,"texture":"#0"},"west":{"uv":[9.5,3.375,10.25,4.5],"tintindex":0,"rotation":0,"texture":"#0"},"up":{"uv":[0.75,13.75,0.375,13.0],"tintindex":0,"rotation":0,"texture":"#0"},"down":{"uv":[1.125,13.0,0.75,13.75],"tintindex":0,"rotation":0,"texture":"#0"}}},{"from":[8.609886,10.427606,2.875],"to":[6.859886,5.6776056,-0.375],"faces":{"east":{"uv":[9.5,4.5,10.25,3.375],"tintindex":0,"rotation":0,"texture":"#0"},"south":{"uv":[4.75,13.625,5.125,12.5],"tintindex":0,"rotation":0,"texture":"#0"},"north":{"uv":[8.875,13.625,9.25,12.5],"tintindex":0,"rotation":0,"texture":"#0"},"west":{"uv":[9.5,3.375,10.25,2.25],"tintindex":0,"rotation":0,"texture":"#0"},"up":{"uv":[0.75,13.0,1.125,13.75],"tintindex":0,"rotation":0,"texture":"#0"},"down":{"uv":[0.375,13.75,0.75,13.0],"tintindex":0,"rotation":0,"texture":"#0"}}},{"from":[8.634886,10.452606,3.9],"to":[6.834886,5.6526055,-10.4],"faces":{"east":{"uv":[15.875,15.875,16.0,16.0],"tintindex":0,"rotation":0,"texture":"#0"},"south":{"uv":[15.75,15.875,15.875,16.0],"tintindex":0,"rotation":0,"texture":"#0"},"north":{"uv":[15.875,15.875,16.0,16.0],"tintindex":0,"rotation":0,"texture":"#0"},"west":{"uv":[15.875,15.875,16.0,16.0],"tintindex":0,"rotation":0,"texture":"#0"},"up":{"uv":[15.875,15.875,16.0,16.0],"tintindex":0,"rotation":0,"texture":"#0"},"down":{"uv":[15.875,15.875,16.0,16.0],"tintindex":0,"rotation":0,"texture":"#0"}}}],"display":{"gui":{"rotation":[30,225,0]}}}