{"textures":{"0":"modelengine:entity/banso"},"elements":[{"from":[13.320544,19.621864,11.216667],"to":[2.7205436,8.021865,3.6166666],"faces":{"east":{"uv":[15.875,15.875,16.0,16.0],"tintindex":0,"rotation":0,"texture":"#0"},"south":{"uv":[15.875,15.875,16.0,16.0],"tintindex":0,"rotation":0,"texture":"#0"},"north":{"uv":[15.875,15.875,16.0,16.0],"tintindex":0,"rotation":0,"texture":"#0"},"west":{"uv":[15.875,15.875,16.0,16.0],"tintindex":0,"rotation":0,"texture":"#0"},"up":{"uv":[15.875,15.875,16.0,16.0],"tintindex":0,"rotation":0,"texture":"#0"},"down":{"uv":[15.875,15.875,16.0,16.0],"tintindex":0,"rotation":0,"texture":"#0"}}},{"from":[3.0205436,8.321865,3.9166665],"to":[13.020544,19.321865,10.916667],"faces":{"east":{"uv":[6.25,7.75,7.125,9.125],"tintindex":0,"rotation":0,"texture":"#0"},"south":{"uv":[5.0,2.625,6.25,4.0],"tintindex":0,"rotation":0,"texture":"#0"},"north":{"uv":[5.0,1.25,6.25,2.625],"tintindex":0,"rotation":0,"texture":"#0"},"west":{"uv":[7.875,1.25,8.75,2.625],"tintindex":0,"rotation":0,"texture":"#0"},"up":{"uv":[4.75,2.125,3.5,1.25],"tintindex":0,"rotation":0,"texture":"#0"},"down":{"uv":[9.125,8.125,7.875,9.0],"tintindex":0,"rotation":0,"texture":"#0"}}}],"display":{"gui":{"rotation":[30,225,0]}}}