{"textures":{"1":"modelengine:entity/bandit_goon_skin"},"elements":[{"from":[5.0,8.166666,5.0],"to":[11.0,13.166666,11.0],"faces":{"east":{"uv":[9.5,2.5,11.0,3.75],"tintindex":0,"rotation":0,"texture":"#1"},"south":{"uv":[2.75,9.5,4.25,10.75],"tintindex":0,"rotation":0,"texture":"#1"},"north":{"uv":[9.5,1.25,11.0,2.5],"tintindex":0,"rotation":0,"texture":"#1"},"west":{"uv":[4.25,9.5,5.75,10.75],"tintindex":0,"rotation":0,"texture":"#1"},"up":{"uv":[9.5,2.75,8.0,1.25],"tintindex":0,"rotation":0,"texture":"#1"},"down":{"uv":[3.5,8.0,2.0,9.5],"tintindex":0,"rotation":0,"texture":"#1"}}},{"from":[11.2,13.366666,11.2],"to":[4.8,7.966666,4.8],"faces":{"east":{"uv":[15.75,15.75,16.0,16.0],"tintindex":0,"rotation":0,"texture":"#1"},"south":{"uv":[15.75,15.75,16.0,16.0],"tintindex":0,"rotation":0,"texture":"#1"},"north":{"uv":[15.75,15.75,16.0,16.0],"tintindex":0,"rotation":0,"texture":"#1"},"west":{"uv":[15.75,15.75,16.0,16.0],"tintindex":0,"rotation":0,"texture":"#1"},"up":{"uv":[15.75,15.75,16.0,16.0],"tintindex":0,"rotation":0,"texture":"#1"},"down":{"uv":[15.75,15.75,16.0,16.0],"tintindex":0,"rotation":0,"texture":"#1"}}},{"from":[4.75,8.916666,4.75],"to":[11.25,10.416666,11.25],"faces":{"east":{"uv":[13.75,0.75,15.25,1.0],"tintindex":0,"rotation":0,"texture":"#1"},"south":{"uv":[13.75,13.25,15.25,13.5],"tintindex":0,"rotation":0,"texture":"#1"},"north":{"uv":[0.0,9.25,1.5,9.5],"tintindex":0,"rotation":0,"texture":"#1"},"west":{"uv":[13.75,13.5,15.25,13.75],"tintindex":0,"rotation":0,"texture":"#1"},"up":{"uv":[9.5,4.25,8.0,2.75],"tintindex":0,"rotation":0,"texture":"#1"},"down":{"uv":[5.0,8.0,3.5,9.5],"tintindex":0,"rotation":0,"texture":"#1"}}},{"from":[12.2,18.366667,11.7],"to":[3.8,12.966666,4.3],"faces":{"east":{"uv":[15.75,15.75,16.0,16.0],"tintindex":0,"rotation":0,"texture":"#1"},"south":{"uv":[15.75,15.75,16.0,16.0],"tintindex":0,"rotation":0,"texture":"#1"},"north":{"uv":[15.75,15.75,16.0,16.0],"tintindex":0,"rotation":0,"texture":"#1"},"west":{"uv":[15.75,15.75,16.0,16.0],"tintindex":0,"rotation":0,"texture":"#1"},"up":{"uv":[15.75,15.5,16.0,15.75],"tintindex":0,"rotation":0,"texture":"#1"},"down":{"uv":[15.75,15.75,16.0,16.0],"tintindex":0,"rotation":0,"texture":"#1"}}},{"from":[4.0,13.166666,4.5],"to":[12.0,18.166666,11.5],"faces":{"east":{"uv":[8.0,4.25,9.75,5.5],"tintindex":0,"rotation":0,"texture":"#1"},"south":{"uv":[8.0,0.0,10.0,1.25],"tintindex":0,"rotation":0,"texture":"#1"},"north":{"uv":[0.0,8.0,2.0,9.25],"tintindex":0,"rotation":0,"texture":"#1"},"west":{"uv":[8.0,5.5,9.75,6.75],"tintindex":0,"rotation":0,"texture":"#1"},"up":{"uv":[8.0,5.75,6.0,4.0],"tintindex":0,"rotation":0,"texture":"#1"},"down":{"uv":[8.0,5.75,6.0,7.5],"tintindex":0,"rotation":0,"texture":"#1"}}}],"display":{"gui":{"rotation":[30,225,0]}}}