{"textures":{"0":"modelengine:entity/banso"},"elements":[{"from":[7.99,12.729849,10.575201],"to":[15.01,18.74985,14.5952015],"faces":{"east":{"uv":[12.875,3.75,13.375,4.5],"tintindex":0,"rotation":0,"texture":"#0"},"south":{"uv":[7.25,11.5,8.125,12.25],"tintindex":0,"rotation":0,"texture":"#0"},"north":{"uv":[11.5,7.0,12.375,7.75],"tintindex":0,"rotation":0,"texture":"#0"},"west":{"uv":[12.875,4.5,13.375,5.25],"tintindex":0,"rotation":0,"texture":"#0"},"up":{"uv":[4.0,12.875,3.125,12.375],"tintindex":0,"rotation":0,"texture":"#0"},"down":{"uv":[13.25,7.0,12.375,7.5],"tintindex":0,"rotation":0,"texture":"#0"}},"rotation":{"origin":[11.0,15.739849,12.835201],"angle":22.5,"axis":"z"}},{"from":[15.31,19.049849,14.895202],"to":[7.69,12.429849,10.275201],"faces":{"east":{"uv":[15.875,15.75,16.0,15.875],"tintindex":0,"rotation":0,"texture":"#0"},"south":{"uv":[15.875,15.875,16.0,16.0],"tintindex":0,"rotation":0,"texture":"#0"},"north":{"uv":[15.875,15.875,16.0,16.0],"tintindex":0,"rotation":0,"texture":"#0"},"west":{"uv":[15.875,15.875,16.0,16.0],"tintindex":0,"rotation":0,"texture":"#0"},"up":{"uv":[15.875,15.875,16.0,16.0],"tintindex":0,"rotation":0,"texture":"#0"},"down":{"uv":[15.875,15.875,16.0,16.0],"tintindex":0,"rotation":0,"texture":"#0"}},"rotation":{"origin":[11.0,15.739849,13.335201],"angle":22.5,"axis":"z"}},{"from":[-1.0,7.0,4.0],"to":[17.0,17.0,14.0],"faces":{"east":{"uv":[6.0,4.0,7.25,5.25],"tintindex":0,"rotation":0,"texture":"#0"},"south":{"uv":[3.5,0.0,5.75,1.25],"tintindex":0,"rotation":0,"texture":"#0"},"north":{"uv":[2.75,2.25,5.0,3.5],"tintindex":0,"rotation":0,"texture":"#0"},"west":{"uv":[6.25,1.25,7.5,2.5],"tintindex":0,"rotation":0,"texture":"#0"},"up":{"uv":[5.0,4.75,2.75,3.5],"tintindex":0,"rotation":0,"texture":"#0"},"down":{"uv":[2.25,4.5,0.0,5.75],"tintindex":0,"rotation":0,"texture":"#0"}},"rotation":{"origin":[8.0,10.0,9.0],"angle":22.5,"axis":"x"}},{"from":[8.31,19.049849,14.895202],"to":[0.69,12.429849,10.275201],"faces":{"east":{"uv":[16.0,15.875,15.875,16.0],"tintindex":0,"rotation":0,"texture":"#0"},"south":{"uv":[16.0,15.875,15.875,16.0],"tintindex":0,"rotation":0,"texture":"#0"},"north":{"uv":[16.0,15.875,15.875,16.0],"tintindex":0,"rotation":0,"texture":"#0"},"west":{"uv":[16.0,15.75,15.875,15.875],"tintindex":0,"rotation":0,"texture":"#0"},"up":{"uv":[16.0,15.875,15.875,16.0],"tintindex":0,"rotation":0,"texture":"#0"},"down":{"uv":[16.0,15.875,15.875,16.0],"tintindex":0,"rotation":0,"texture":"#0"}},"rotation":{"origin":[5.0,15.739849,13.335201],"angle":-22.5,"axis":"z"}},{"from":[17.3,17.3,14.3],"to":[-1.3,6.7,3.7],"faces":{"east":{"uv":[15.875,15.875,16.0,16.0],"tintindex":0,"rotation":0,"texture":"#0"},"south":{"uv":[15.875,15.875,16.0,16.0],"tintindex":0,"rotation":0,"texture":"#0"},"north":{"uv":[15.875,15.875,16.0,16.0],"tintindex":0,"rotation":0,"texture":"#0"},"west":{"uv":[15.875,15.875,16.0,16.0],"tintindex":0,"rotation":0,"texture":"#0"},"up":{"uv":[15.875,15.875,16.0,16.0],"tintindex":0,"rotation":0,"texture":"#0"},"down":{"uv":[15.875,15.875,16.0,16.0],"tintindex":0,"rotation":0,"texture":"#0"}},"rotation":{"origin":[8.0,10.0,9.0],"angle":22.5,"axis":"x"}},{"from":[6.0,10.0,3.0],"to":[10.0,14.0,4.0],"faces":{"east":{"uv":[5.875,4.0,6.0,4.5],"tintindex":0,"rotation":0,"texture":"#0"},"south":{"uv":[6.5,10.75,7.0,11.25],"tintindex":0,"rotation":0,"texture":"#0"},"north":{"uv":[9.125,9.875,9.625,10.375],"tintindex":0,"rotation":0,"texture":"#0"},"west":{"uv":[6.0,5.25,6.125,5.75],"tintindex":0,"rotation":0,"texture":"#0"},"up":{"uv":[4.0,2.25,3.5,2.125],"tintindex":0,"rotation":0,"texture":"#0"},"down":{"uv":[4.5,2.125,4.0,2.25],"tintindex":0,"rotation":0,"texture":"#0"}},"rotation":{"origin":[8.0,10.0,9.0],"angle":22.5,"axis":"x"}},{"from":[1.0,12.739849,10.585201],"to":[8.0,18.73985,14.585201],"faces":{"east":{"uv":[6.0,11.375,6.5,12.125],"tintindex":0,"rotation":0,"texture":"#0"},"south":{"uv":[10.625,8.625,11.5,9.375],"tintindex":0,"rotation":0,"texture":"#0"},"north":{"uv":[5.0,4.0,5.875,4.75],"tintindex":0,"rotation":0,"texture":"#0"},"west":{"uv":[3.5,12.875,4.0,13.625],"tintindex":0,"rotation":0,"texture":"#0"},"up":{"uv":[13.125,7.0,12.25,6.5],"tintindex":0,"rotation":0,"texture":"#0"},"down":{"uv":[3.125,12.375,2.25,12.875],"tintindex":0,"rotation":0,"texture":"#0"}},"rotation":{"origin":[5.0,15.739849,12.835201],"angle":-22.5,"axis":"z"}}],"display":{"gui":{"rotation":[30,225,0]}}}