{
	"credit": "Made by PolygonMC",
	"texture_size": [12, 12],
	"textures": {
		"0": "summerset:key",
		"particle": "summerset:key"
	},
	"elements": [
		{
			"from": [7.5, 7.5, 8.975],
			"to": [8.5, 8.5, 9.975],
			"rotation": {"angle": 0, "axis": "y", "origin": [7.5, 6.5, 7.975]},
			"faces": {
				"north": {"uv": [8, 8, 9.33333, 9.33333], "texture": "#0"},
				"east": {"uv": [0, 9.33333, 1.33333, 10.66667], "texture": "#0"},
				"west": {"uv": [9.33333, 0, 10.66667, 1.33333], "texture": "#0"},
				"up": {"uv": [2.66667, 10.66667, 1.33333, 9.33333], "texture": "#0"},
				"down": {"uv": [10.66667, 1.33333, 9.33333, 2.66667], "texture": "#0"}
			}
		},
		{
			"from": [7.5, 7.5, 4.975],
			"to": [8.5, 8.5, 6.975],
			"rotation": {"angle": 0, "axis": "y", "origin": [7.5, 6.5, 4.975]},
			"faces": {
				"north": {"uv": [9.33333, 5.33333, 10.66667, 6.66667], "texture": "#0"},
				"east": {"uv": [2.66667, 2.66667, 5.33333, 4], "texture": "#0"},
				"south": {"uv": [9.33333, 6.66667, 10.66667, 8], "texture": "#0"},
				"west": {"uv": [2.66667, 4, 5.33333, 5.33333], "texture": "#0"},
				"up": {"uv": [1.33333, 8, 0, 5.33333], "texture": "#0"},
				"down": {"uv": [6.66667, 0, 5.33333, 2.66667], "texture": "#0"}
			}
		},
		{
			"from": [7.75, 6.5, 5.225],
			"to": [8.25, 7.5, 5.725],
			"rotation": {"angle": 0, "axis": "y", "origin": [7.5, 5.5, 5.225]},
			"faces": {
				"north": {"uv": [8, 9.33333, 8.66667, 10.66667], "texture": "#0"},
				"east": {"uv": [9.33333, 8, 10, 9.33333], "texture": "#0"},
				"south": {"uv": [9.33333, 9.33333, 10, 10.66667], "texture": "#0"},
				"west": {"uv": [0, 10.66667, 0.66667, 12], "texture": "#0"},
				"down": {"uv": [11.33333, 2.66667, 10.66667, 3.33333], "texture": "#0"}
			}
		},
		{
			"from": [7.75, 6.5, 6.225],
			"to": [8.25, 7.5, 6.725],
			"rotation": {"angle": 0, "axis": "y", "origin": [7.5, 5.5, 6.225]},
			"faces": {
				"north": {"uv": [10.66667, 0, 11.33333, 1.33333], "texture": "#0"},
				"east": {"uv": [1.33333, 10.66667, 2, 12], "texture": "#0"},
				"south": {"uv": [10.66667, 1.33333, 11.33333, 2.66667], "texture": "#0"},
				"west": {"uv": [2.66667, 10.66667, 3.33333, 12], "texture": "#0"},
				"down": {"uv": [11.33333, 5.33333, 10.66667, 6], "texture": "#0"}
			}
		},
		{
			"from": [7.75, 7, 5.725],
			"to": [8.25, 7.5, 6.225],
			"rotation": {"angle": 0, "axis": "y", "origin": [7.5, 5.5, 5.725]},
			"faces": {
				"east": {"uv": [4, 10.66667, 4.66667, 11.33333], "texture": "#0"},
				"west": {"uv": [10.66667, 4, 11.33333, 4.66667], "texture": "#0"},
				"down": {"uv": [6, 10.66667, 5.33333, 11.33333], "texture": "#0"}
			}
		},
		{
			"from": [7.6, 7.6, 6.975],
			"to": [8.4, 8.4, 8.975],
			"rotation": {"angle": 0, "axis": "y", "origin": [7.5, 6.5, 6.975]},
			"faces": {
				"east": {"uv": [8, 2.66667, 10.66667, 3.66667], "texture": "#0"},
				"west": {"uv": [8, 4, 10.66667, 5], "texture": "#0"},
				"up": {"uv": [6.33333, 10.66667, 5.33333, 8], "texture": "#0"},
				"down": {"uv": [7.66667, 8, 6.66667, 10.66667], "texture": "#0"}
			}
		},
		{
			"from": [7.4, 7.25, 9.775],
			"to": [8.6, 8.75, 11.275],
			"rotation": {"angle": 45, "axis": "x", "origin": [8, 8, 10.525]},
			"faces": {
				"north": {"uv": [1.33333, 5.33333, 3, 7.33333], "texture": "#0"},
				"east": {"uv": [0, 2.66667, 2, 4.66667], "texture": "#0"},
				"south": {"uv": [5.33333, 2.66667, 7, 4.66667], "texture": "#0"},
				"west": {"uv": [2.66667, 0, 4.66667, 2], "texture": "#0"},
				"up": {"uv": [5.66667, 7.33333, 4, 5.33333], "texture": "#0"},
				"down": {"uv": [8.33333, 0, 6.66667, 2], "texture": "#0"}
			}
		},
		{
			"from": [7.15, 7.5, 10.025],
			"to": [8.85, 8.5, 11.025],
			"rotation": {"angle": 45, "axis": "x", "origin": [8, 8, 10.525]},
			"faces": {
				"north": {"uv": [6.66667, 5.33333, 9, 6.66667], "texture": "#0"},
				"east": {"uv": [2.66667, 9.33333, 4, 10.66667], "texture": "#0"},
				"south": {"uv": [6.66667, 6.66667, 9, 8], "texture": "#0"},
				"west": {"uv": [4, 9.33333, 5.33333, 10.66667], "texture": "#0"},
				"up": {"uv": [2.33333, 9.33333, 0, 8], "texture": "#0"},
				"down": {"uv": [5, 8, 2.66667, 9.33333], "texture": "#0"}
			}
		},
		{
			"from": [7.985, 8.25, 10.75],
			"to": [8.015, 10.25, 12.75],
			"rotation": {"angle": 0, "axis": "y", "origin": [7.985, 8.25, 10.75]},
			"faces": {
				"east": {"uv": [14.33333, 0, 11.66667, 2.66667], "texture": "#0"},
				"west": {"uv": [11.66667, 0, 14.33333, 2.66667], "texture": "#0"}
			}
		}
	],
	"gui_light": "front",
	"display": {
		"thirdperson_righthand": {
			"rotation": [81.5, 0, 0],
			"translation": [0, 2.75, 0.25]
		},
		"thirdperson_lefthand": {
			"rotation": [81.5, 0, 0],
			"translation": [0, 2.75, 0.25]
		},
		"firstperson_righthand": {
			"rotation": [57, 0, -25],
			"translation": [-2.5, 6.25, 4.25]
		},
		"firstperson_lefthand": {
			"rotation": [57, 0, -25],
			"translation": [-2.5, 6.25, 4.25]
		},
		"ground": {
			"rotation": [45, 0, 0],
			"translation": [0, 5.25, 0],
			"scale": [1.33398, 1.33398, 1.33398]
		},
		"gui": {
			"rotation": [-90, 135, 90],
			"translation": [0, 0.25, 0],
			"scale": [1.98438, 1.98438, 1.98438]
		},
		"head": {
			"rotation": [90, -45, 90],
			"scale": [1.84961, 1.84961, 1.84961]
		},
		"fixed": {
			"rotation": [90, -45, 90],
			"translation": [0, 0, -1.75],
			"scale": [3.20313, 3.20313, 3.20313]
		}
	}
}