{
	"credit": "Made by PolygonMC",
	"texture_size": [8, 8],
	"textures": {
		"1": "summerset:animations/spin_animations",
		"3": "summerset:animations/bubble_1",
		"4": "summerset:animations/animations_shovel",
		"5": "summerset:shovel",
		"particle": "summerset:animations/bubble_1"
	},
	"elements": [
		{
			"from": [7.385, -0.115, 7.31],
			"to": [8.615, 1.115, 8.54],
			"rotation": {"angle": -22.5, "axis": "x", "origin": [8, 0.5, 7.925]},
			"faces": {
				"north": {"uv": [3.2, 6.4, 4.2, 7.4], "texture": "#5"},
				"east": {"uv": [6.4, 3.2, 7.4, 4.2], "texture": "#5"},
				"south": {"uv": [4.8, 6.4, 5.8, 7.4], "texture": "#5"},
				"west": {"uv": [6.4, 4.8, 7.4, 5.8], "texture": "#5"},
				"up": {"uv": [7.4, 7.4, 6.4, 6.4], "texture": "#5"},
				"down": {"uv": [8.2, 0, 7.2, 1], "texture": "#5"}
			}
		},
		{
			"from": [7.135, 0.135, 7.56],
			"to": [8.865, 0.865, 8.29],
			"rotation": {"angle": -22.5, "axis": "x", "origin": [8, 0.5, 7.925]},
			"faces": {
				"north": {"uv": [10.4, 1.6, 11.8, 2.2], "texture": "#5"},
				"east": {"uv": [3.2, 12.8, 3.8, 13.4], "texture": "#5"},
				"south": {"uv": [10.4, 2.4, 11.8, 3], "texture": "#5"},
				"west": {"uv": [12.8, 3.2, 13.4, 3.8], "texture": "#5"},
				"up": {"uv": [11.8, 10.2, 10.4, 9.6], "texture": "#5"},
				"down": {"uv": [11.8, 10.4, 10.4, 11], "texture": "#5"}
			}
		},
		{
			"from": [7.5, 0.7, 7.45538],
			"to": [8.5, 2.7, 8.45538],
			"rotation": {"angle": 22.5, "axis": "x", "origin": [7.5, 0.7, 7.45538]},
			"faces": {
				"north": {"uv": [0, 3.2, 0.8, 4.8], "texture": "#5"},
				"east": {"uv": [0.8, 3.2, 1.6, 4.8], "texture": "#5"},
				"south": {"uv": [3.2, 1.6, 4, 3.2], "texture": "#5"},
				"west": {"uv": [3.2, 3.2, 4, 4.8], "texture": "#5"}
			}
		},
		{
			"from": [7.35, 1.45, 7.30538],
			"to": [8.65, 1.95, 8.60538],
			"rotation": {"angle": 22.5, "axis": "x", "origin": [7.5, 0.7, 7.45538]},
			"faces": {
				"north": {"uv": [11.2, 12, 12.2, 12.4], "texture": "#5"},
				"east": {"uv": [12, 11.2, 13, 11.6], "texture": "#5"},
				"south": {"uv": [0, 12.8, 1, 13.2], "texture": "#5"},
				"west": {"uv": [12.8, 0, 13.8, 0.4], "texture": "#5"},
				"up": {"uv": [1.8, 8.2, 0.8, 7.2], "texture": "#5"},
				"down": {"uv": [8.2, 1.6, 7.2, 2.6], "texture": "#5"}
			}
		},
		{
			"from": [7.5, 3.78239, 8.22074],
			"to": [8.5, 5.78239, 9.22074],
			"rotation": {"angle": -22.5, "axis": "x", "origin": [7.5, 3.78239, 8.22074]},
			"faces": {
				"north": {"uv": [4, 0, 4.8, 1.6], "texture": "#5"},
				"east": {"uv": [1.6, 4, 2.4, 5.6], "texture": "#5"},
				"south": {"uv": [4, 1.6, 4.8, 3.2], "texture": "#5"},
				"west": {"uv": [2.4, 4, 3.2, 5.6], "texture": "#5"}
			}
		},
		{
			"from": [7.35, 4.53239, 8.07074],
			"to": [8.65, 5.03239, 9.37074],
			"rotation": {"angle": -22.5, "axis": "x", "origin": [7.5, 3.78239, 8.22074]},
			"faces": {
				"north": {"uv": [12.8, 0.8, 13.8, 1.2], "texture": "#5"},
				"east": {"uv": [1.6, 12.8, 2.6, 13.2], "texture": "#5"},
				"south": {"uv": [12.8, 1.6, 13.8, 2], "texture": "#5"},
				"west": {"uv": [12.8, 2.4, 13.8, 2.8], "texture": "#5"},
				"up": {"uv": [4.2, 9, 3.2, 8], "texture": "#5"},
				"down": {"uv": [9, 3.2, 8, 4.2], "texture": "#5"}
			}
		},
		{
			"from": [7.4975, 2.16508, 8.14462],
			"to": [8.5025, 4.16508, 9.14462],
			"rotation": {"angle": 0, "axis": "y", "origin": [7.4975, 2.16508, 8.14462]},
			"faces": {
				"north": {"uv": [4, 3.2, 4.8, 4.8], "texture": "#5"},
				"east": {"uv": [0, 4.8, 0.8, 6.4], "texture": "#5"},
				"south": {"uv": [4.8, 0, 5.6, 1.6], "texture": "#5"},
				"west": {"uv": [0.8, 4.8, 1.6, 6.4], "texture": "#5"},
				"down": {"uv": [1.6, 6.4, 0.8, 7.2], "texture": "#5"}
			}
		},
		{
			"from": [7.496, 5.63015, 7.45537],
			"to": [8.504, 7.13015, 8.45537],
			"rotation": {"angle": 0, "axis": "y", "origin": [7.9985, 6.63015, 7.95537]},
			"faces": {
				"north": {"uv": [0, 9.6, 0.8, 10.8], "texture": "#5"},
				"east": {"uv": [10.4, 0, 11.2, 1.2], "texture": "#5"},
				"south": {"uv": [0.8, 10.4, 1.6, 11.6], "texture": "#5"},
				"west": {"uv": [1.6, 10.4, 2.4, 11.6], "texture": "#5"},
				"up": {"uv": [3.2, 9.6, 2.4, 8.8], "texture": "#5"},
				"down": {"uv": [6.4, 11.2, 5.6, 12], "texture": "#5"}
			}
		},
		{
			"from": [7.5, 6.86269, 7.8],
			"to": [8.505, 8.86269, 8.725],
			"rotation": {"angle": 22.5, "axis": "x", "origin": [8.0025, 7.86269, 8.3]},
			"faces": {
				"north": {"uv": [4.8, 1.6, 5.6, 3.2], "texture": "#5"},
				"east": {"uv": [3.2, 4.8, 4, 6.4], "texture": "#5"},
				"south": {"uv": [4.8, 3.2, 5.6, 4.8], "texture": "#5"},
				"west": {"uv": [4, 4.8, 4.8, 6.4], "texture": "#5"}
			}
		},
		{
			"from": [7.4985, 8.33146, 8.7814],
			"to": [8.5015, 10.33146, 9.7814],
			"rotation": {"angle": 45, "axis": "x", "origin": [8, 9.33146, 9.2814]},
			"faces": {
				"north": {"uv": [4.8, 4.8, 5.6, 6.4], "texture": "#5"},
				"east": {"uv": [5.6, 0, 6.4, 1.6], "texture": "#5"},
				"south": {"uv": [1.6, 5.6, 2.4, 7.2], "texture": "#5"},
				"west": {"uv": [5.6, 1.6, 6.4, 3.2], "texture": "#5"},
				"up": {"uv": [7.2, 12, 6.4, 11.2], "texture": "#5"},
				"down": {"uv": [12, 6.4, 11.2, 7.2], "texture": "#5"}
			}
		},
		{
			"from": [7.985, -1.5, 6.5],
			"to": [8.015, 0.5, 8.5],
			"rotation": {"angle": -22.5, "axis": "x", "origin": [7.985, -0.5, 7.5]},
			"faces": {
				"east": {"uv": [1.6, 0, 0, 1.6], "texture": "#5"},
				"west": {"uv": [0, 0, 1.6, 1.6], "texture": "#5"}
			}
		},
		{
			"from": [7.445, 10.28517, 6.8617],
			"to": [8.555, 11.39517, 9.5817],
			"rotation": {"angle": -45, "axis": "x", "origin": [8, 10.84017, 9.7217]},
			"faces": {
				"north": {"uv": [7.2, 11.2, 8, 12], "texture": "#5"},
				"east": {"uv": [1.6, 0, 3.8, 0.8], "texture": "#5"},
				"south": {"uv": [11.2, 7.2, 12, 8], "texture": "#5"},
				"west": {"uv": [1.6, 0.8, 3.8, 1.6], "texture": "#5"},
				"up": {"uv": [2.4, 3.8, 1.6, 1.6], "texture": "#5"},
				"down": {"uv": [3.2, 1.6, 2.4, 3.8], "texture": "#5"}
			}
		},
		{
			"from": [7.556, 10.44359, 9.29412],
			"to": [8.444, 11.56959, 10.18212],
			"rotation": {"angle": 22.5, "axis": "x", "origin": [8, 10.98159, 9.86312]},
			"faces": {
				"north": {"uv": [0, 11.2, 0.8, 12.2], "texture": "#5"},
				"east": {"uv": [11.2, 0, 12, 1], "texture": "#5"},
				"south": {"uv": [2.4, 11.2, 3.2, 12.2], "texture": "#5"},
				"west": {"uv": [3.2, 11.2, 4, 12.2], "texture": "#5"},
				"up": {"uv": [8.8, 12, 8, 11.2], "texture": "#5"}
			}
		},
		{
			"from": [7.64924, 11.38531, 9.6283],
			"to": [8.35076, 12.22235, 10.32982],
			"rotation": {"angle": 0, "axis": "y", "origin": [8, 12.55383, 10.37906]},
			"faces": {
				"north": {"uv": [4, 12.8, 4.6, 13.4], "texture": "#5"},
				"east": {"uv": [12.8, 4, 13.4, 4.6], "texture": "#5"},
				"south": {"uv": [4.8, 12.8, 5.4, 13.4], "texture": "#5"},
				"west": {"uv": [12.8, 4.8, 13.4, 5.4], "texture": "#5"},
				"up": {"uv": [6.2, 13.4, 5.6, 12.8], "texture": "#5"}
			}
		},
		{
			"from": [7.556, 8.03074, 6.91101],
			"to": [8.444, 9.15674, 7.79901],
			"rotation": {"angle": 22.5, "axis": "x", "origin": [8, 7.96092, 7.41705]},
			"faces": {
				"north": {"uv": [11.2, 3.2, 12, 4.2], "texture": "#5"},
				"east": {"uv": [4, 11.2, 4.8, 12.2], "texture": "#5"},
				"south": {"uv": [4.8, 11.2, 5.6, 12.2], "texture": "#5"},
				"west": {"uv": [11.2, 4.8, 12, 5.8], "texture": "#5"},
				"down": {"uv": [12, 8, 11.2, 8.8], "texture": "#5"}
			}
		},
		{
			"from": [7.64924, 7.39949, 7.05428],
			"to": [8.35076, 8.23653, 7.7558],
			"rotation": {"angle": 0, "axis": "y", "origin": [8, 7.96092, 7.41705]},
			"faces": {
				"north": {"uv": [12.8, 5.6, 13.4, 6.2], "texture": "#5"},
				"east": {"uv": [6.4, 12.8, 7, 13.4], "texture": "#5"},
				"south": {"uv": [12.8, 6.4, 13.4, 7], "texture": "#5"},
				"west": {"uv": [7.2, 12.8, 7.8, 13.4], "texture": "#5"},
				"down": {"uv": [13.4, 7.2, 12.8, 7.8], "texture": "#5"}
			}
		},
		{
			"from": [7.86, 5.8, 8.05],
			"to": [7.89, 7.8, 10.05],
			"rotation": {"angle": 45, "axis": "x", "origin": [7.76, 5.8, 8.05]},
			"faces": {
				"east": {"uv": [1.6, 1.6, 0, 3.2], "texture": "#5"},
				"west": {"uv": [0, 1.6, 1.6, 3.2], "texture": "#5"}
			}
		},
		{
			"from": [8.11, 5.8, 8.05],
			"to": [8.14, 7.8, 10.05],
			"rotation": {"angle": 22.5, "axis": "x", "origin": [8.24, 5.8, 8.05]},
			"faces": {
				"east": {"uv": [1.6, 1.6, 0, 3.2], "texture": "#5"},
				"west": {"uv": [0, 1.6, 1.6, 3.2], "texture": "#5"}
			}
		},
		{
			"from": [5.565, 5.575, 7.945],
			"to": [6.815, 6.825, 7.975],
			"rotation": {"angle": -22.5, "axis": "z", "origin": [7.09, 6.875, 8.075]},
			"faces": {
				"north": {"uv": [4.8, 8, 5.8, 9], "texture": "#5"},
				"south": {"uv": [5.8, 8, 4.8, 9], "texture": "#5"}
			}
		},
		{
			"from": [7, 8.14257, 7.06917],
			"to": [7.5, 11.64257, 7.56917],
			"rotation": {"angle": -22.5, "axis": "x", "origin": [7.0575, 10.76757, 7.31917]},
			"faces": {
				"north": {"uv": [2.4, 5.6, 2.8, 8.4], "texture": "#5"},
				"east": {"uv": [5.6, 3.2, 6, 6], "texture": "#5"},
				"south": {"uv": [0, 6.4, 0.4, 9.2], "texture": "#5"},
				"west": {"uv": [6.4, 0, 6.8, 2.8], "texture": "#5"},
				"up": {"uv": [14, 4.4, 13.6, 4], "texture": "#5"},
				"down": {"uv": [5.2, 13.6, 4.8, 14], "texture": "#5"}
			}
		},
		{
			"from": [6.6475, 11.08379, 6.39795],
			"to": [7.5025, 11.68879, 7.00295],
			"rotation": {"angle": 22.5, "axis": "x", "origin": [7.0575, 10.76757, 7.31917]},
			"faces": {
				"north": {"uv": [0.8, 13.6, 1.4, 14], "texture": "#5"},
				"east": {"uv": [13.6, 4.8, 14, 5.2], "texture": "#5"},
				"south": {"uv": [1.6, 13.6, 2.2, 14], "texture": "#5"},
				"west": {"uv": [5.6, 13.6, 6, 14], "texture": "#5"},
				"up": {"uv": [3, 14, 2.4, 13.6], "texture": "#5"},
				"down": {"uv": [3.8, 13.6, 3.2, 14], "texture": "#5"}
			}
		},
		{
			"from": [7.17082, 6.7387, 7.7],
			"to": [8.67082, 7.2387, 8.2],
			"rotation": {"angle": -45, "axis": "z", "origin": [6.97243, 7.54474, 8.0125]},
			"faces": {
				"north": {"uv": [9.2, 12, 8, 12.4], "texture": "#5"},
				"east": {"uv": [6.8, 13.6, 6.4, 14], "texture": "#5"},
				"south": {"uv": [13.2, 8, 12, 8.4], "texture": "#5"},
				"west": {"uv": [14, 5.6, 13.6, 6], "texture": "#5"},
				"up": {"uv": [12, 9.2, 13.2, 8.8], "texture": "#5"},
				"down": {"uv": [9.6, 12, 10.8, 12.4], "texture": "#5"}
			}
		},
		{
			"from": [6.54275, 6.8345, 7.7],
			"to": [7.04275, 7.8345, 8.2],
			"rotation": {"angle": 0, "axis": "z", "origin": [6.97243, 7.54474, 8.0125]},
			"faces": {
				"north": {"uv": [8.4, 12.8, 8, 13.6], "texture": "#5"},
				"east": {"uv": [13.2, 9.6, 12.8, 10.4], "texture": "#5"},
				"south": {"uv": [10, 12.8, 9.6, 13.6], "texture": "#5"},
				"west": {"uv": [9.2, 12.8, 8.8, 13.6], "texture": "#5"},
				"up": {"uv": [13.6, 6.8, 14, 6.4], "texture": "#5"},
				"down": {"uv": [7.2, 13.6, 7.6, 14], "texture": "#5"}
			}
		},
		{
			"from": [6.96194, 11.33193, 9.63451],
			"to": [7.96194, 12.33193, 10.13451],
			"rotation": {"angle": -22.5, "axis": "z", "origin": [6.75, 12.12682, 9.88451]},
			"faces": {
				"north": {"uv": [8.8, 11.2, 9.6, 12], "texture": "#5"},
				"south": {"uv": [11.2, 8.8, 12, 9.6], "texture": "#5"},
				"up": {"uv": [11.2, 13.2, 10.4, 12.8], "texture": "#5"},
				"down": {"uv": [13.6, 10.4, 12.8, 10.8], "texture": "#5"}
			}
		},
		{
			"from": [6.09672, 11.62682, 9.63451],
			"to": [7.09672, 12.62682, 10.13451],
			"rotation": {"angle": 45, "axis": "z", "origin": [6.75, 12.12682, 9.88451]},
			"faces": {
				"north": {"uv": [9.6, 11.2, 10.4, 12], "texture": "#5"},
				"east": {"uv": [11.2, 12.8, 11.6, 13.6], "texture": "#5"},
				"south": {"uv": [10.4, 11.2, 11.2, 12], "texture": "#5"},
				"west": {"uv": [12, 12.8, 12.4, 13.6], "texture": "#5"}
			}
		},
		{
			"from": [5.95511, 12.33876, 9.63451],
			"to": [6.95511, 13.33876, 10.13451],
			"rotation": {"angle": 22.5, "axis": "z", "origin": [6.75, 12.12682, 9.88451]},
			"faces": {
				"north": {"uv": [11.2, 11.2, 12, 12], "texture": "#5"},
				"east": {"uv": [12.8, 12, 13.2, 12.8], "texture": "#5"},
				"south": {"uv": [12, 0, 12.8, 0.8], "texture": "#5"},
				"west": {"uv": [12.8, 12.8, 13.2, 13.6], "texture": "#5"},
				"up": {"uv": [0.8, 14, 0, 13.6], "texture": "#5"}
			}
		},
		{
			"from": [8.03806, 11.33193, 9.63451],
			"to": [9.03806, 12.33193, 10.13451],
			"rotation": {"angle": 22.5, "axis": "z", "origin": [9.25, 12.12682, 9.88451]},
			"faces": {
				"north": {"uv": [9.6, 11.2, 8.8, 12], "texture": "#5"},
				"south": {"uv": [12, 8.8, 11.2, 9.6], "texture": "#5"},
				"up": {"uv": [10.4, 13.2, 11.2, 12.8], "texture": "#5"},
				"down": {"uv": [12.8, 10.4, 13.6, 10.8], "texture": "#5"}
			}
		},
		{
			"from": [8.90328, 11.62682, 9.63451],
			"to": [9.90328, 12.62682, 10.13451],
			"rotation": {"angle": -45, "axis": "z", "origin": [9.25, 12.12682, 9.88451]},
			"faces": {
				"north": {"uv": [10.4, 11.2, 9.6, 12], "texture": "#5"},
				"east": {"uv": [12.4, 12.8, 12, 13.6], "texture": "#5"},
				"south": {"uv": [11.2, 11.2, 10.4, 12], "texture": "#5"},
				"west": {"uv": [11.6, 12.8, 11.2, 13.6], "texture": "#5"}
			}
		},
		{
			"from": [9.04489, 12.33876, 9.63451],
			"to": [10.04489, 13.33876, 10.13451],
			"rotation": {"angle": -22.5, "axis": "z", "origin": [9.25, 12.12682, 9.88451]},
			"faces": {
				"north": {"uv": [12, 11.2, 11.2, 12], "texture": "#5"},
				"east": {"uv": [13.2, 12.8, 12.8, 13.6], "texture": "#5"},
				"south": {"uv": [12.8, 0, 12, 0.8], "texture": "#5"},
				"west": {"uv": [13.2, 12, 12.8, 12.8], "texture": "#5"},
				"up": {"uv": [0, 14, 0.8, 13.6], "texture": "#5"}
			}
		},
		{
			"from": [7.5, 11.09484, 7.87335],
			"to": [8.5, 12.09484, 8.87335],
			"rotation": {"angle": 0, "axis": "y", "origin": [8, 12.37262, 9.6819]},
			"faces": {
				"north": {"uv": [0.8, 12, 1.6, 12.8], "texture": "#5"},
				"east": {"uv": [12, 0.8, 12.8, 1.6], "texture": "#5"},
				"south": {"uv": [1.6, 12, 2.4, 12.8], "texture": "#5"},
				"west": {"uv": [12, 1.6, 12.8, 2.4], "texture": "#5"},
				"down": {"uv": [12.8, 2.4, 12, 3.2], "texture": "#5"}
			}
		},
		{
			"from": [6.57123, 10.62766, 8.2206],
			"to": [7.57123, 11.62766, 8.5206],
			"rotation": {"angle": 22.5, "axis": "z", "origin": [8.20201, 12.62262, 9.1819]},
			"faces": {
				"north": {"uv": [12, 3.2, 12.8, 4], "texture": "#5"},
				"south": {"uv": [12, 4, 12.8, 4.8], "texture": "#5"},
				"west": {"uv": [13.6, 7.2, 13.8, 8], "texture": "#5"},
				"up": {"uv": [8.8, 13.8, 8, 13.6], "texture": "#5"},
				"down": {"uv": [14.4, 8, 13.6, 8.2], "texture": "#5"}
			}
		},
		{
			"from": [7.85, 13.43373, 7.9956],
			"to": [8.15, 14.18373, 8.9956],
			"rotation": {"angle": 22.5, "axis": "x", "origin": [8, 13.93373, 8.4956]},
			"faces": {
				"north": {"uv": [12.8, 13.6, 13, 14.2], "texture": "#5"},
				"east": {"uv": [12, 9.6, 12.8, 10.2], "texture": "#5"},
				"west": {"uv": [12, 10.4, 12.8, 11], "texture": "#5"},
				"up": {"uv": [9, 14.4, 8.8, 13.6], "texture": "#5"},
				"down": {"uv": [13.8, 8.8, 13.6, 9.6], "texture": "#5"}
			}
		},
		{
			"from": [6.8451, 12.61629, 9.18158],
			"to": [7.3451, 13.36629, 9.48158],
			"rotation": {"angle": 45, "axis": "x", "origin": [6.8451, 12.86629, 9.58158]},
			"faces": {
				"north": {"uv": [13.6, 3.2, 14, 3.8], "texture": "#5"},
				"east": {"uv": [13.6, 12.8, 13.8, 13.4], "texture": "#5"},
				"south": {"uv": [4, 13.6, 4.4, 14.2], "texture": "#5"},
				"west": {"uv": [13.6, 13.6, 13.8, 14.2], "texture": "#5"},
				"up": {"uv": [0.4, 14.6, 0, 14.4], "texture": "#5"},
				"down": {"uv": [14.8, 0, 14.4, 0.2], "texture": "#5"}
			}
		},
		{
			"from": [8.42877, 10.62766, 8.2206],
			"to": [9.42877, 11.62766, 8.5206],
			"rotation": {"angle": -22.5, "axis": "z", "origin": [7.79799, 12.62262, 9.1819]},
			"faces": {
				"north": {"uv": [12, 4.8, 12.8, 5.6], "texture": "#5"},
				"east": {"uv": [9.6, 13.6, 9.8, 14.4], "texture": "#5"},
				"south": {"uv": [5.6, 12, 6.4, 12.8], "texture": "#5"},
				"up": {"uv": [14.4, 9.8, 13.6, 9.6], "texture": "#5"},
				"down": {"uv": [11.2, 13.6, 10.4, 13.8], "texture": "#5"}
			}
		},
		{
			"from": [7.41, 11.33716, 8.04791],
			"to": [8.59, 12.51716, 9.22791],
			"rotation": {"angle": 22.5, "axis": "x", "origin": [8, 12.37262, 9.6819]},
			"faces": {
				"north": {"uv": [8, 4.8, 9, 5.8], "texture": "#5"},
				"east": {"uv": [6.4, 8, 7.4, 9], "texture": "#5"},
				"south": {"uv": [8, 6.4, 9, 7.4], "texture": "#5"},
				"west": {"uv": [8, 8, 9, 9], "texture": "#5"},
				"down": {"uv": [9.8, 0, 8.8, 1], "texture": "#5"}
			}
		},
		{
			"from": [7.41, 12.92006, 9.80292],
			"to": [8.59, 14.10006, 10.98292],
			"rotation": {"angle": -22.5, "axis": "x", "origin": [8, 12.37262, 9.6819]},
			"faces": {
				"east": {"uv": [0.8, 8.8, 1.8, 9.8], "texture": "#5"},
				"south": {"uv": [8.8, 1.6, 9.8, 2.6], "texture": "#5"},
				"west": {"uv": [2.4, 9.6, 3.4, 10.6], "texture": "#5"},
				"up": {"uv": [10.6, 4.2, 9.6, 3.2], "texture": "#5"},
				"down": {"uv": [5, 9.6, 4, 10.6], "texture": "#5"}
			}
		},
		{
			"from": [7.5339, 13.43282, 10.19227],
			"to": [8.4661, 14.36502, 11.12447],
			"rotation": {"angle": 0, "axis": "y", "origin": [8, 12.37262, 9.6819]},
			"faces": {
				"east": {"uv": [12, 5.6, 12.8, 6.4], "texture": "#5"},
				"south": {"uv": [6.4, 12, 7.2, 12.8], "texture": "#5"},
				"west": {"uv": [12, 6.4, 12.8, 7.2], "texture": "#5"},
				"up": {"uv": [8, 12.8, 7.2, 12], "texture": "#5"},
				"down": {"uv": [12.8, 7.2, 12, 8], "texture": "#5"}
			}
		},
		{
			"from": [7.765, 13.43282, 11.12447],
			"to": [8.235, 13.89002, 11.55667],
			"rotation": {"angle": 0, "axis": "y", "origin": [8, 13.66142, 11.34057]},
			"faces": {
				"east": {"uv": [13.6, 10.4, 14, 10.8], "texture": "#5"},
				"south": {"uv": [11.2, 13.6, 11.6, 14], "texture": "#5"},
				"west": {"uv": [13.6, 11.2, 14, 11.6], "texture": "#5"},
				"up": {"uv": [12.4, 14, 12, 13.6], "texture": "#5"},
				"down": {"uv": [14, 12, 13.6, 12.4], "texture": "#5"}
			}
		},
		{
			"from": [7.3451, 11.84096, 8.10208],
			"to": [8.6549, 13.15076, 9.41188],
			"rotation": {"angle": 45, "axis": "x", "origin": [8, 12.37262, 9.6819]},
			"faces": {
				"north": {"uv": [9.6, 4.8, 10.6, 5.8], "texture": "#5"},
				"east": {"uv": [5.6, 9.6, 6.6, 10.6], "texture": "#5"},
				"south": {"uv": [9.6, 6.4, 10.6, 7.4], "texture": "#5"},
				"west": {"uv": [7.2, 9.6, 8.2, 10.6], "texture": "#5"},
				"up": {"uv": [10.6, 9, 9.6, 8], "texture": "#5"},
				"down": {"uv": [9.8, 9.6, 8.8, 10.6], "texture": "#5"}
			}
		},
		{
			"from": [6.85, 10.01285, 5.68595],
			"to": [6.88, 13.26285, 8.93595],
			"rotation": {"angle": -22.5, "axis": "x", "origin": [7.0575, 10.76757, 7.31917]},
			"faces": {
				"east": {"uv": [13, 0, 0, 13], "texture": "#1"},
				"west": {"uv": [0, 0, 13, 13], "texture": "#1"}
			}
		},
		{
			"from": [7.2, 12, 7.25],
			"to": [7.23, 15, 9.25],
			"rotation": {"angle": 0, "axis": "y", "origin": [6.95, 11.25, 24.5]},
			"faces": {
				"east": {"uv": [8, 0, 0, 12], "texture": "#3"},
				"west": {"uv": [0, 0, 8, 12], "texture": "#3"},
				"down": {"uv": [0, 0, 0, 8], "texture": "#3"}
			}
		},
		{
			"from": [8.77, 13.5, 9.75],
			"to": [8.8, 16.5, 11.75],
			"rotation": {"angle": 0, "axis": "y", "origin": [8.8, 10.75, 8.25]},
			"faces": {
				"east": {"uv": [0, 0, 8, 12], "texture": "#3"},
				"west": {"uv": [8, 0, 0, 12], "texture": "#3"},
				"down": {"uv": [0, 8, 0, 0], "texture": "#3"}
			}
		},
		{
			"from": [5.75, 12, 9.9],
			"to": [10.25, 17, 9.93],
			"rotation": {"angle": 0, "axis": "y", "origin": [6, 0, 8]},
			"faces": {
				"north": {"uv": [9, 0, 0, 10], "texture": "#4"},
				"south": {"uv": [0, 0, 9, 10], "texture": "#4"}
			}
		}
	],
	"gui_light": "front",
	"display": {
		"thirdperson_righthand": {
			"translation": [0, 3, 1]
		},
		"thirdperson_lefthand": {
			"translation": [0, 3, 1]
		},
		"firstperson_righthand": {
			"rotation": [-10, 0, 0],
			"translation": [0, 5, 1.5]
		},
		"firstperson_lefthand": {
			"rotation": [-10, 0, 0],
			"translation": [0, 5, 1.5]
		},
		"ground": {
			"rotation": [-45, 0, 0],
			"translation": [0, 9.75, 0]
		},
		"gui": {
			"rotation": [-90, 45, 90],
			"translation": [-1.25, 0.25, 0],
			"scale": [1.00391, 1.00391, 1.00391]
		},
		"head": {
			"rotation": [90, -90, 90],
			"scale": [1.5, 1.5, 1.5]
		},
		"fixed": {
			"rotation": [0, -90, 0],
			"translation": [0, 4, -1.75],
			"scale": [2.5, 2.5, 2.5]
		}
	}
}