{"textures":{"0":"modelengine:entity/bandit_goon_blue"},"elements":[{"from":[10.46,6.46,12.21],"to":[5.54,2.54,7.29],"faces":{"east":{"uv":[9.75,6.375,10.25,6.75],"tintindex":0,"rotation":0,"texture":"#0"},"south":{"uv":[6.75,9.75,7.25,10.125],"tintindex":0,"rotation":0,"texture":"#0"},"north":{"uv":[6.25,9.75,6.75,10.125],"tintindex":0,"rotation":0,"texture":"#0"},"west":{"uv":[9.75,6.75,10.25,7.125],"tintindex":0,"rotation":0,"texture":"#0"},"up":{"uv":[9.75,0.5,9.25,0.0],"tintindex":0,"rotation":0,"texture":"#0"},"down":{"uv":[6.75,9.25,6.25,9.75],"tintindex":0,"rotation":0,"texture":"#0"}}},{"from":[10.2,8.2,11.95],"to":[5.8,2.8,7.55],"faces":{"east":{"uv":[8.375,7.25,8.875,7.875],"tintindex":0,"rotation":0,"texture":"#0"},"south":{"uv":[7.875,8.375,8.375,9.0],"tintindex":0,"rotation":0,"texture":"#0"},"north":{"uv":[8.375,6.625,8.875,7.25],"tintindex":0,"rotation":0,"texture":"#0"},"west":{"uv":[8.375,7.875,8.875,8.5],"tintindex":0,"rotation":0,"texture":"#0"},"up":{"uv":[9.625,2.75,9.125,2.25],"tintindex":0,"rotation":0,"texture":"#0"},"down":{"uv":[9.625,2.75,9.125,3.25],"tintindex":0,"rotation":0,"texture":"#0"}}},{"from":[6.0,3.0,7.75],"to":[10.0,8.0,11.75],"faces":{"east":{"uv":[1.0,8.25,1.5,8.875],"tintindex":0,"rotation":0,"texture":"#0"},"south":{"uv":[1.5,8.25,2.0,8.875],"tintindex":0,"rotation":0,"texture":"#0"},"north":{"uv":[0.5,8.25,1.0,8.875],"tintindex":0,"rotation":0,"texture":"#0"},"west":{"uv":[8.25,1.875,8.75,2.5],"tintindex":0,"rotation":0,"texture":"#0"},"up":{"uv":[9.375,7.875,8.875,7.375],"tintindex":0,"rotation":0,"texture":"#0"},"down":{"uv":[9.375,7.875,8.875,8.375],"tintindex":0,"rotation":0,"texture":"#0"}}},{"from":[5.74,2.74,7.49],"to":[10.26,6.26,12.01],"faces":{"east":{"uv":[9.5,9.5,10.0,9.875],"tintindex":0,"rotation":0,"texture":"#0"},"south":{"uv":[0.0,9.625,0.5,10.0],"tintindex":0,"rotation":0,"texture":"#0"},"north":{"uv":[7.5,9.5,8.0,9.875],"tintindex":0,"rotation":0,"texture":"#0"},"west":{"uv":[0.5,9.625,1.0,10.0],"tintindex":0,"rotation":0,"texture":"#0"},"up":{"uv":[9.375,8.875,8.875,8.375],"tintindex":0,"rotation":0,"texture":"#0"},"down":{"uv":[9.375,8.875,8.875,9.375],"tintindex":0,"rotation":0,"texture":"#0"}}}],"display":{"gui":{"rotation":[30,225,0]}}}