{"textures":{"0":"modelengine:entity/bandit_goon_blue"},"elements":[{"from":[9.7,8.7,8.2],"to":[6.3,3.3,3.8],"faces":{"east":{"uv":[2.0,8.25,2.5,8.875],"tintindex":0,"rotation":0,"texture":"#0"},"south":{"uv":[2.875,9.375,3.25,10.0],"tintindex":0,"rotation":0,"texture":"#0"},"north":{"uv":[2.5,9.375,2.875,10.0],"tintindex":0,"rotation":0,"texture":"#0"},"west":{"uv":[2.5,8.25,3.0,8.875],"tintindex":0,"rotation":0,"texture":"#0"},"up":{"uv":[6.25,10.0,5.875,9.5],"tintindex":0,"rotation":0,"texture":"#0"},"down":{"uv":[1.375,9.625,1.0,10.125],"tintindex":0,"rotation":0,"texture":"#0"}}},{"from":[6.5,3.5,4.0],"to":[9.5,8.5,8.0],"faces":{"east":{"uv":[7.875,7.125,8.375,7.75],"tintindex":0,"rotation":0,"texture":"#0"},"south":{"uv":[2.125,9.375,2.5,10.0],"tintindex":0,"rotation":0,"texture":"#0"},"north":{"uv":[1.75,9.375,2.125,10.0],"tintindex":0,"rotation":0,"texture":"#0"},"west":{"uv":[7.875,7.75,8.375,8.375],"tintindex":0,"rotation":0,"texture":"#0"},"up":{"uv":[4.0,10.0,3.625,9.5],"tintindex":0,"rotation":0,"texture":"#0"},"down":{"uv":[4.375,9.5,4.0,10.0],"tintindex":0,"rotation":0,"texture":"#0"}}}],"display":{"gui":{"rotation":[30,225,0]}}}