{"textures":{"0":"modelengine:entity/bandit_goon_blue"},"elements":[{"from":[7.5,-5.0,7.0],"to":[8.5,8.0,8.0],"faces":{"east":{"uv":[0.0,5.0,0.25,8.25],"tintindex":0,"rotation":0,"texture":"#0"},"south":{"uv":[0.25,5.0,0.5,8.25],"tintindex":0,"rotation":0,"texture":"#0"},"north":{"uv":[4.625,4.875,4.875,8.125],"tintindex":0,"rotation":0,"texture":"#0"},"west":{"uv":[0.5,5.0,0.75,8.25],"tintindex":0,"rotation":0,"texture":"#0"},"up":{"uv":[8.25,6.5,8.0,6.25],"tintindex":0,"rotation":0,"texture":"#0"},"down":{"uv":[3.75,8.25,3.5,8.5],"tintindex":0,"rotation":0,"texture":"#0"}}}],"display":{"gui":{"rotation":[30,225,0]}}}