{
	"credit": "Made by PolygonMC",
	"texture_size": [4, 4],
	"textures": {
		"1": "summerset/animations/spin_animations",
		"2": "summerset/animations/animations_sword",
		"3": "summerset/animations/bubble_1",
		"4": "summerset/sword",
		"particle": "summerset/animations/bubble_1"
	},
	"elements": [
		{
			"from": [7.385, -0.115, 7.31],
			"to": [8.615, 1.115, 8.54],
			"rotation": {"angle": -22.5, "axis": "x", "origin": [8, 0.5, 7.925]},
			"faces": {
				"north": {"uv": [4, 6.4, 5, 7.4], "texture": "#4"},
				"east": {"uv": [5.6, 6.4, 6.6, 7.4], "texture": "#4"},
				"south": {"uv": [7.2, 0, 8.2, 1], "texture": "#4"},
				"west": {"uv": [7.2, 1.6, 8.2, 2.6], "texture": "#4"},
				"up": {"uv": [8.2, 4.2, 7.2, 3.2], "texture": "#4"},
				"down": {"uv": [8.2, 4.8, 7.2, 5.8], "texture": "#4"}
			}
		},
		{
			"from": [7.135, 0.135, 7.56],
			"to": [8.865, 0.865, 8.29],
			"rotation": {"angle": -22.5, "axis": "x", "origin": [8, 0.5, 7.925]},
			"faces": {
				"north": {"uv": [0.8, 11.2, 2.2, 11.8], "texture": "#4"},
				"east": {"uv": [12.8, 8, 13.4, 8.6], "texture": "#4"},
				"south": {"uv": [2.4, 11.2, 3.8, 11.8], "texture": "#4"},
				"west": {"uv": [12.8, 8.8, 13.4, 9.4], "texture": "#4"},
				"up": {"uv": [12.6, 3.8, 11.2, 3.2], "texture": "#4"},
				"down": {"uv": [5.4, 11.2, 4, 11.8], "texture": "#4"}
			}
		},
		{
			"from": [7.5, 0.7, 7.45538],
			"to": [8.5, 2.7, 8.45538],
			"rotation": {"angle": 22.5, "axis": "x", "origin": [7.5, 0.7, 7.45538]},
			"faces": {
				"north": {"uv": [3.2, 4, 4, 5.6], "texture": "#4"},
				"east": {"uv": [0, 4.8, 0.8, 6.4], "texture": "#4"},
				"south": {"uv": [0.8, 4.8, 1.6, 6.4], "texture": "#4"},
				"west": {"uv": [4.8, 1.6, 5.6, 3.2], "texture": "#4"}
			}
		},
		{
			"from": [7.35, 1.45, 7.30538],
			"to": [8.65, 1.95, 8.60538],
			"rotation": {"angle": 22.5, "axis": "x", "origin": [7.5, 0.7, 7.45538]},
			"faces": {
				"north": {"uv": [12.8, 4, 13.8, 4.4], "texture": "#4"},
				"east": {"uv": [4.8, 12.8, 5.8, 13.2], "texture": "#4"},
				"south": {"uv": [12.8, 4.8, 13.8, 5.2], "texture": "#4"},
				"west": {"uv": [12.8, 5.6, 13.8, 6], "texture": "#4"},
				"up": {"uv": [8.2, 7.4, 7.2, 6.4], "texture": "#4"},
				"down": {"uv": [2.6, 8, 1.6, 9], "texture": "#4"}
			}
		},
		{
			"from": [7.5, 3.78239, 8.22074],
			"to": [8.5, 5.78239, 9.22074],
			"rotation": {"angle": -22.5, "axis": "x", "origin": [7.5, 3.78239, 8.22074]},
			"faces": {
				"north": {"uv": [4.8, 3.2, 5.6, 4.8], "texture": "#4"},
				"east": {"uv": [4.8, 4.8, 5.6, 6.4], "texture": "#4"},
				"south": {"uv": [5.6, 0, 6.4, 1.6], "texture": "#4"},
				"west": {"uv": [1.6, 5.6, 2.4, 7.2], "texture": "#4"}
			}
		},
		{
			"from": [7.35, 4.53239, 8.07074],
			"to": [8.65, 5.03239, 9.37074],
			"rotation": {"angle": -22.5, "axis": "x", "origin": [7.5, 3.78239, 8.22074]},
			"faces": {
				"north": {"uv": [6.4, 12.8, 7.4, 13.2], "texture": "#4"},
				"east": {"uv": [12.8, 6.4, 13.8, 6.8], "texture": "#4"},
				"south": {"uv": [12.8, 7.2, 13.8, 7.6], "texture": "#4"},
				"west": {"uv": [8, 12.8, 9, 13.2], "texture": "#4"},
				"up": {"uv": [4.2, 9, 3.2, 8], "texture": "#4"},
				"down": {"uv": [5.8, 8, 4.8, 9], "texture": "#4"}
			}
		},
		{
			"from": [7.4975, 2.16508, 8.14462],
			"to": [8.5025, 4.16508, 9.14462],
			"rotation": {"angle": 0, "axis": "x", "origin": [7.4975, 2.16508, 8.14462]},
			"faces": {
				"north": {"uv": [5.6, 1.6, 6.4, 3.2], "texture": "#4"},
				"east": {"uv": [3.2, 5.6, 4, 7.2], "texture": "#4"},
				"south": {"uv": [5.6, 3.2, 6.4, 4.8], "texture": "#4"},
				"west": {"uv": [5.6, 4.8, 6.4, 6.4], "texture": "#4"},
				"down": {"uv": [2.4, 7.2, 1.6, 8], "texture": "#4"}
			}
		},
		{
			"from": [7.985, -1.5, 6.5],
			"to": [8.015, 0.5, 8.5],
			"rotation": {"angle": -22.5, "axis": "x", "origin": [7.985, -0.5, 7.5]},
			"faces": {
				"east": {"uv": [1.6, 0, 3.2, 1.6], "rotation": 270, "texture": "#4"},
				"west": {"uv": [1.6, 0, 3.2, 1.6], "texture": "#4"}
			}
		},
		{
			"from": [7.445, 6.63517, 5.9117],
			"to": [8.555, 7.74517, 8.6317],
			"rotation": {"angle": -45, "axis": "x", "origin": [8, 7.19017, 8.7717]},
			"faces": {
				"north": {"uv": [3.2, 7.2, 4, 8], "texture": "#4"},
				"east": {"uv": [3.2, 0, 5.4, 0.8], "texture": "#4"},
				"south": {"uv": [11.2, 8.8, 12, 9.6], "texture": "#4"},
				"west": {"uv": [3.2, 0.8, 5.4, 1.6], "texture": "#4"},
				"up": {"uv": [2.4, 5.4, 1.6, 3.2], "texture": "#4"},
				"down": {"uv": [4, 1.6, 3.2, 3.8], "texture": "#4"}
			}
		},
		{
			"from": [7.556, 6.79359, 8.34412],
			"to": [8.444, 7.91959, 9.23212],
			"rotation": {"angle": 22.5, "axis": "x", "origin": [8, 7.33159, 8.91312]},
			"faces": {
				"north": {"uv": [11.2, 4, 12, 5], "texture": "#4"},
				"east": {"uv": [5.6, 11.2, 6.4, 12.2], "texture": "#4"},
				"south": {"uv": [11.2, 5.6, 12, 6.6], "texture": "#4"},
				"west": {"uv": [6.4, 11.2, 7.2, 12.2], "texture": "#4"},
				"up": {"uv": [10.4, 12, 9.6, 11.2], "texture": "#4"}
			}
		},
		{
			"from": [7.64924, 7.73531, 8.6783],
			"to": [8.35076, 8.57235, 9.37982],
			"rotation": {"angle": 0, "axis": "x", "origin": [8, 8.90383, 9.42906]},
			"faces": {
				"north": {"uv": [9.6, 12.8, 10.2, 13.4], "texture": "#4"},
				"east": {"uv": [12.8, 9.6, 13.4, 10.2], "texture": "#4"},
				"south": {"uv": [10.4, 12.8, 11, 13.4], "texture": "#4"},
				"west": {"uv": [12.8, 10.4, 13.4, 11], "texture": "#4"},
				"up": {"uv": [11.8, 13.4, 11.2, 12.8], "texture": "#4"}
			}
		},
		{
			"from": [7.556, 4.38074, 5.96101],
			"to": [8.444, 5.50674, 6.84901],
			"rotation": {"angle": 22.5, "axis": "x", "origin": [8, 4.31092, 6.46705]},
			"faces": {
				"north": {"uv": [7.2, 11.2, 8, 12.2], "texture": "#4"},
				"east": {"uv": [11.2, 7.2, 12, 8.2], "texture": "#4"},
				"south": {"uv": [8, 11.2, 8.8, 12.2], "texture": "#4"},
				"west": {"uv": [8.8, 11.2, 9.6, 12.2], "texture": "#4"},
				"down": {"uv": [12, 9.6, 11.2, 10.4], "texture": "#4"}
			}
		},
		{
			"from": [7.64924, 3.74949, 6.10428],
			"to": [8.35076, 4.58653, 6.8058],
			"rotation": {"angle": 0, "axis": "x", "origin": [8, 4.31092, 6.46705]},
			"faces": {
				"north": {"uv": [12.8, 11.2, 13.4, 11.8], "texture": "#4"},
				"east": {"uv": [12, 12.8, 12.6, 13.4], "texture": "#4"},
				"south": {"uv": [12.8, 12, 13.4, 12.6], "texture": "#4"},
				"west": {"uv": [12.8, 12.8, 13.4, 13.4], "texture": "#4"},
				"down": {"uv": [0.6, 13.6, 0, 14.2], "texture": "#4"}
			}
		},
		{
			"from": [7.75, 8.48099, 5.91021],
			"to": [8.25, 9.48099, 6.91021],
			"rotation": {"angle": 0, "axis": "x", "origin": [7.75, 7.98099, 6.41021]},
			"faces": {
				"north": {"uv": [13.6, 0, 14, 0.8], "texture": "#4"},
				"east": {"uv": [10.4, 11.2, 11.2, 12], "texture": "#4"},
				"south": {"uv": [13.6, 0.8, 14, 1.6], "texture": "#4"},
				"west": {"uv": [11.2, 10.4, 12, 11.2], "texture": "#4"},
				"up": {"uv": [14, 2.4, 13.6, 1.6], "texture": "#4"},
				"down": {"uv": [14, 2.4, 13.6, 3.2], "texture": "#4"}
			}
		},
		{
			"from": [7.7535, 9.25158, 6.06349],
			"to": [8.2465, 10.25158, 7.06349],
			"rotation": {"angle": 22.5, "axis": "x", "origin": [7.7535, 9.75158, 6.56349]},
			"faces": {
				"north": {"uv": [13.6, 3.2, 14, 4], "texture": "#4"},
				"east": {"uv": [11.2, 11.2, 12, 12], "texture": "#4"},
				"south": {"uv": [4, 13.6, 4.4, 14.4], "texture": "#4"},
				"west": {"uv": [12, 0, 12.8, 0.8], "texture": "#4"},
				"up": {"uv": [5.2, 14.4, 4.8, 13.6], "texture": "#4"}
			}
		},
		{
			"from": [7.7585, 9.90487, 6.5],
			"to": [8.2415, 10.90487, 7.5],
			"rotation": {"angle": 45, "axis": "x", "origin": [7.7585, 10.40487, 7]},
			"faces": {
				"north": {"uv": [5.6, 13.6, 6, 14.4], "texture": "#4"},
				"east": {"uv": [0.8, 12, 1.6, 12.8], "texture": "#4"},
				"south": {"uv": [6.4, 13.6, 6.8, 14.4], "texture": "#4"},
				"west": {"uv": [12, 0.8, 12.8, 1.6], "texture": "#4"},
				"up": {"uv": [7.6, 14.4, 7.2, 13.6], "texture": "#4"}
			}
		},
		{
			"from": [7.76, 10.34137, 7.15328],
			"to": [8.24, 11.34137, 8.15328],
			"rotation": {"angle": -22.5, "axis": "x", "origin": [7.76, 10.84137, 7.65328]},
			"faces": {
				"east": {"uv": [1.6, 12, 2.4, 12.8], "texture": "#4"},
				"south": {"uv": [8, 13.6, 8.4, 14.4], "texture": "#4"},
				"west": {"uv": [12, 1.6, 12.8, 2.4], "texture": "#4"},
				"up": {"uv": [14, 8.8, 13.6, 8], "texture": "#4"},
				"down": {"uv": [9.2, 13.6, 8.8, 14.4], "texture": "#4"}
			}
		},
		{
			"from": [7.762, 10.77788, 7.80656],
			"to": [8.238, 11.77788, 9.30656],
			"rotation": {"angle": -45, "axis": "x", "origin": [7.75, 11.27788, 8.30656]},
			"faces": {
				"east": {"uv": [10.4, 1.6, 11.6, 2.4], "texture": "#4"},
				"south": {"uv": [13.6, 8.8, 14, 9.6], "texture": "#4"},
				"west": {"uv": [10.4, 2.4, 11.6, 3.2], "texture": "#4"},
				"up": {"uv": [13.2, 1.2, 12.8, 0], "texture": "#4"},
				"down": {"uv": [1.2, 12.8, 0.8, 14], "texture": "#4"}
			}
		},
		{
			"from": [7.762, 11.76569, 8.6923],
			"to": [8.238, 13.26569, 9.6923],
			"rotation": {"angle": 22.5, "axis": "x", "origin": [7.75, 12.51569, 9.1923]},
			"faces": {
				"north": {"uv": [1.6, 12.8, 2, 14], "texture": "#4"},
				"east": {"uv": [10.4, 3.2, 11.2, 4.4], "texture": "#4"},
				"south": {"uv": [12.8, 1.6, 13.2, 2.8], "texture": "#4"},
				"west": {"uv": [10.4, 4.8, 11.2, 6], "texture": "#4"},
				"up": {"uv": [10, 14.4, 9.6, 13.6], "texture": "#4"},
				"down": {"uv": [14, 9.6, 13.6, 10.4], "texture": "#4"}
			}
		},
		{
			"from": [7.762, 17.94403, 9.32513],
			"to": [8.238, 19.44403, 10.32513],
			"rotation": {"angle": 45, "axis": "x", "origin": [8, 18.69403, 9.82513]},
			"faces": {
				"north": {"uv": [2.4, 12.8, 2.8, 14], "texture": "#4"},
				"east": {"uv": [10.4, 6.4, 11.2, 7.6], "texture": "#4"},
				"south": {"uv": [3.2, 12.8, 3.6, 14], "texture": "#4"},
				"west": {"uv": [0, 11.2, 0.8, 12.4], "texture": "#4"},
				"up": {"uv": [10.8, 14.4, 10.4, 13.6], "texture": "#4"}
			}
		},
		{
			"from": [7.762, 13.01726, 8.94125],
			"to": [8.238, 18.51726, 9.94125],
			"rotation": {"angle": 0, "axis": "x", "origin": [7.75, 11.76726, 9.44125]},
			"faces": {
				"north": {"uv": [2.4, 3.2, 2.8, 7.6], "texture": "#4"},
				"east": {"uv": [0, 0, 0.8, 4.4], "texture": "#4"},
				"south": {"uv": [4, 1.6, 4.4, 6], "texture": "#4"},
				"west": {"uv": [0.8, 0, 1.6, 4.4], "texture": "#4"},
				"down": {"uv": [14, 10.4, 13.6, 11.2], "texture": "#4"}
			}
		},
		{
			"from": [7.7535, 7.71039, 6.06349],
			"to": [8.2465, 8.71039, 7.06349],
			"rotation": {"angle": -22.5, "axis": "x", "origin": [7.7535, 8.21039, 6.56349]},
			"faces": {
				"north": {"uv": [11.2, 13.6, 11.6, 14.4], "texture": "#4"},
				"east": {"uv": [2.4, 12, 3.2, 12.8], "texture": "#4"},
				"south": {"uv": [13.6, 11.2, 14, 12], "texture": "#4"},
				"west": {"uv": [12, 2.4, 12.8, 3.2], "texture": "#4"},
				"down": {"uv": [12.4, 13.6, 12, 14.4], "texture": "#4"}
			}
		},
		{
			"from": [7.7585, 7.05711, 6.5],
			"to": [8.2415, 8.05711, 7.5],
			"rotation": {"angle": -45, "axis": "x", "origin": [7.7585, 7.55711, 7]},
			"faces": {
				"north": {"uv": [13.6, 12, 14, 12.8], "texture": "#4"},
				"east": {"uv": [3.2, 12, 4, 12.8], "texture": "#4"},
				"south": {"uv": [12.8, 13.6, 13.2, 14.4], "texture": "#4"},
				"west": {"uv": [4, 12, 4.8, 12.8], "texture": "#4"},
				"down": {"uv": [14, 12.8, 13.6, 13.6], "texture": "#4"}
			}
		},
		{
			"from": [7.76, 6.6206, 7.15328],
			"to": [8.24, 7.6206, 8.15328],
			"rotation": {"angle": 22.5, "axis": "x", "origin": [7.76, 7.1206, 7.65328]},
			"faces": {
				"east": {"uv": [12, 4, 12.8, 4.8], "texture": "#4"},
				"west": {"uv": [4.8, 12, 5.6, 12.8], "texture": "#4"},
				"up": {"uv": [14, 14.4, 13.6, 13.6], "texture": "#4"},
				"down": {"uv": [0.4, 14.4, 0, 15.2], "texture": "#4"}
			}
		},
		{
			"from": [7.86, 5.8, 8.05],
			"to": [7.89, 7.8, 10.05],
			"rotation": {"angle": 45, "axis": "x", "origin": [7.76, 5.8, 8.05]},
			"faces": {
				"east": {"uv": [3.2, 1.6, 1.6, 3.2], "texture": "#4"},
				"west": {"uv": [1.6, 1.6, 3.2, 3.2], "texture": "#4"}
			}
		},
		{
			"from": [8.11, 5.8, 8.05],
			"to": [8.14, 7.8, 10.05],
			"rotation": {"angle": 22.5, "axis": "x", "origin": [8.01, 5.8, 8.05]},
			"faces": {
				"east": {"uv": [3.2, 1.6, 1.6, 3.2], "texture": "#4"},
				"west": {"uv": [1.6, 1.6, 3.2, 3.2], "texture": "#4"}
			}
		},
		{
			"from": [7, 4.66885, 7.18083],
			"to": [7.5, 8.16885, 7.68083],
			"rotation": {"angle": 22.5, "axis": "x", "origin": [7.625, 6.31705, 7.62179]},
			"faces": {
				"north": {"uv": [0, 6.4, 0.4, 9.2], "texture": "#4"},
				"east": {"uv": [6.4, 0, 6.8, 2.8], "texture": "#4"},
				"south": {"uv": [0.8, 6.4, 1.2, 9.2], "texture": "#4"},
				"west": {"uv": [6.4, 3.2, 6.8, 6], "texture": "#4"},
				"up": {"uv": [14.8, 2.8, 14.4, 2.4], "texture": "#4"},
				"down": {"uv": [3.6, 14.4, 3.2, 14.8], "texture": "#4"}
			}
		},
		{
			"from": [6.6475, 7.79847, 7.85152],
			"to": [7.5025, 8.40347, 8.45652],
			"rotation": {"angle": -22.5, "axis": "x", "origin": [7.25, 8.10097, 8.15402]},
			"faces": {
				"north": {"uv": [14.4, 0, 15, 0.4], "texture": "#4"},
				"east": {"uv": [14.4, 3.2, 14.8, 3.6], "texture": "#4"},
				"south": {"uv": [0.8, 14.4, 1.4, 14.8], "texture": "#4"},
				"west": {"uv": [4, 14.4, 4.4, 14.8], "texture": "#4"},
				"up": {"uv": [15, 1.2, 14.4, 0.8], "texture": "#4"},
				"down": {"uv": [2.2, 14.4, 1.6, 14.8], "texture": "#4"}
			}
		},
		{
			"from": [7.5, 7.84484, 7.87335],
			"to": [8.5, 8.84484, 8.87335],
			"rotation": {"angle": 0, "axis": "x", "origin": [8, 9.12262, 9.6819]},
			"faces": {
				"north": {"uv": [12, 4.8, 12.8, 5.6], "texture": "#4"},
				"east": {"uv": [12, 5.6, 12.8, 6.4], "texture": "#4"},
				"south": {"uv": [12, 6.4, 12.8, 7.2], "texture": "#4"},
				"west": {"uv": [12, 7.2, 12.8, 8], "texture": "#4"},
				"down": {"uv": [12.8, 8, 12, 8.8], "texture": "#4"}
			}
		},
		{
			"from": [6.57123, 7.37766, 8.2206],
			"to": [7.57123, 8.37766, 8.5206],
			"rotation": {"angle": 22.5, "axis": "z", "origin": [8.20201, 9.37262, 9.1819]},
			"faces": {
				"north": {"uv": [11.2, 12, 12, 12.8], "texture": "#4"},
				"south": {"uv": [12, 11.2, 12.8, 12], "texture": "#4"},
				"west": {"uv": [6.4, 14.4, 6.6, 15.2], "texture": "#4"},
				"up": {"uv": [15.2, 6.6, 14.4, 6.4], "texture": "#4"},
				"down": {"uv": [8, 14.4, 7.2, 14.6], "texture": "#4"}
			}
		},
		{
			"from": [7.85, 10.18373, 7.9956],
			"to": [8.15, 10.93373, 8.9956],
			"rotation": {"angle": 22.5, "axis": "x", "origin": [8, 10.68373, 8.4956]},
			"faces": {
				"north": {"uv": [10.4, 14.4, 10.6, 15], "texture": "#4"},
				"east": {"uv": [12.8, 3.2, 13.6, 3.8], "texture": "#4"},
				"west": {"uv": [4, 12.8, 4.8, 13.4], "texture": "#4"},
				"up": {"uv": [9, 15.2, 8.8, 14.4], "texture": "#4"},
				"down": {"uv": [14.6, 8.8, 14.4, 9.6], "texture": "#4"}
			}
		},
		{
			"from": [6.8451, 9.61629, 9.18158],
			"to": [7.3451, 10.36629, 9.48158],
			"rotation": {"angle": 45, "axis": "x", "origin": [6.8451, 9.86629, 9.33158]},
			"faces": {
				"north": {"uv": [14.4, 1.6, 14.8, 2.2], "texture": "#4"},
				"east": {"uv": [9.6, 14.4, 9.8, 15], "texture": "#4"},
				"south": {"uv": [2.4, 14.4, 2.8, 15], "texture": "#4"},
				"west": {"uv": [14.4, 9.6, 14.6, 10.2], "texture": "#4"},
				"up": {"uv": [14.8, 10.6, 14.4, 10.4], "texture": "#4"},
				"down": {"uv": [11.6, 14.4, 11.2, 14.6], "texture": "#4"}
			}
		},
		{
			"from": [8.6549, 9.61629, 9.18158],
			"to": [9.1549, 10.36629, 9.48158],
			"rotation": {"angle": 45, "axis": "x", "origin": [9.1549, 9.86629, 9.33158]},
			"faces": {
				"north": {"uv": [14.8, 1.6, 14.4, 2.2], "texture": "#4"},
				"east": {"uv": [14.6, 9.6, 14.4, 10.2], "texture": "#4"},
				"south": {"uv": [2.8, 14.4, 2.4, 15], "texture": "#4"},
				"west": {"uv": [9.8, 14.4, 9.6, 15], "texture": "#4"},
				"up": {"uv": [14.4, 10.6, 14.8, 10.4], "texture": "#4"},
				"down": {"uv": [11.2, 14.4, 11.6, 14.6], "texture": "#4"}
			}
		},
		{
			"from": [8.42877, 7.37766, 8.2206],
			"to": [9.42877, 8.37766, 8.5206],
			"rotation": {"angle": -22.5, "axis": "z", "origin": [7.79799, 9.37262, 9.1819]},
			"faces": {
				"north": {"uv": [12, 12, 12.8, 12.8], "texture": "#4"},
				"east": {"uv": [14.4, 7.2, 14.6, 8], "texture": "#4"},
				"south": {"uv": [0, 12.8, 0.8, 13.6], "texture": "#4"},
				"up": {"uv": [8.8, 14.6, 8, 14.4], "texture": "#4"},
				"down": {"uv": [15.2, 8, 14.4, 8.2], "texture": "#4"}
			}
		},
		{
			"from": [7.41, 8.08716, 8.04791],
			"to": [8.59, 9.26716, 9.22791],
			"rotation": {"angle": 22.5, "axis": "x", "origin": [8, 9.12262, 9.6819]},
			"faces": {
				"north": {"uv": [6.4, 8, 7.4, 9], "texture": "#4"},
				"east": {"uv": [8, 8, 9, 9], "texture": "#4"},
				"south": {"uv": [8.8, 0, 9.8, 1], "texture": "#4"},
				"west": {"uv": [8.8, 1.6, 9.8, 2.6], "texture": "#4"},
				"down": {"uv": [9.8, 3.2, 8.8, 4.2], "texture": "#4"}
			}
		},
		{
			"from": [7.41, 9.67006, 9.80292],
			"to": [8.59, 10.85006, 10.98292],
			"rotation": {"angle": -22.5, "axis": "x", "origin": [8, 9.12262, 9.6819]},
			"faces": {
				"east": {"uv": [6.4, 9.6, 7.4, 10.6], "texture": "#4"},
				"south": {"uv": [8, 9.6, 9, 10.6], "texture": "#4"},
				"west": {"uv": [9.6, 8, 10.6, 9], "texture": "#4"},
				"up": {"uv": [10.6, 10.6, 9.6, 9.6], "texture": "#4"},
				"down": {"uv": [11.4, 0, 10.4, 1], "texture": "#4"}
			}
		},
		{
			"from": [7.5339, 10.18282, 10.19227],
			"to": [8.4661, 11.11502, 11.12447],
			"rotation": {"angle": 0, "axis": "x", "origin": [8, 9.12262, 9.6819]},
			"faces": {
				"east": {"uv": [12, 8.8, 12.8, 9.6], "texture": "#4"},
				"south": {"uv": [9.6, 12, 10.4, 12.8], "texture": "#4"},
				"west": {"uv": [12, 9.6, 12.8, 10.4], "texture": "#4"},
				"up": {"uv": [11.2, 12.8, 10.4, 12], "texture": "#4"},
				"down": {"uv": [12.8, 10.4, 12, 11.2], "texture": "#4"}
			}
		},
		{
			"from": [7.765, 10.18282, 11.12447],
			"to": [8.235, 10.64002, 11.55667],
			"rotation": {"angle": 0, "axis": "x", "origin": [8, 10.41142, 11.34057]},
			"faces": {
				"east": {"uv": [14.4, 4, 14.8, 4.4], "texture": "#4"},
				"south": {"uv": [4.8, 14.4, 5.2, 14.8], "texture": "#4"},
				"west": {"uv": [14.4, 4.8, 14.8, 5.2], "texture": "#4"},
				"up": {"uv": [6, 14.8, 5.6, 14.4], "texture": "#4"},
				"down": {"uv": [14.8, 5.6, 14.4, 6], "texture": "#4"}
			}
		},
		{
			"from": [7.3451, 8.59096, 8.10208],
			"to": [8.6549, 9.90076, 9.41188],
			"rotation": {"angle": 45, "axis": "x", "origin": [8, 9.12262, 9.6819]},
			"faces": {
				"north": {"uv": [8.8, 4.8, 9.8, 5.8], "texture": "#4"},
				"east": {"uv": [8.8, 6.4, 9.8, 7.4], "texture": "#4"},
				"south": {"uv": [0, 9.6, 1, 10.6], "texture": "#4"},
				"west": {"uv": [1.6, 9.6, 2.6, 10.6], "texture": "#4"},
				"up": {"uv": [4.2, 10.6, 3.2, 9.6], "texture": "#4"},
				"down": {"uv": [5.8, 9.6, 4.8, 10.6], "texture": "#4"}
			}
		},
		{
			"from": [7.985, 8.25, 5],
			"to": [8.015, 26.25, 11],
			"rotation": {"angle": 0, "axis": "y", "origin": [7.985, 0, 0]},
			"faces": {
				"east": {"uv": [4.8, 0, 0, 14.4], "texture": "#2"},
				"west": {"uv": [0, 0, 4.8, 14.4], "texture": "#2"}
			}
		},
		{
			"from": [6.85, 8.975, 2.8],
			"to": [6.88, 12.225, 6.05],
			"rotation": {"angle": 22.5, "axis": "x", "origin": [0, 0, 0]},
			"faces": {
				"east": {"uv": [13, 0, 0, 13], "texture": "#1"},
				"west": {"uv": [0, 0, 13, 13], "texture": "#1"}
			}
		},
		{
			"from": [7.25, 9.25, 9.25],
			"to": [7.28, 12.25, 11.25],
			"rotation": {"angle": 0, "axis": "y", "origin": [7.25, 9.25, 9.25]},
			"faces": {
				"east": {"uv": [8, 0, 0, 12], "texture": "#3"},
				"west": {"uv": [0, 0, 8, 12], "texture": "#3"},
				"down": {"uv": [0, 0, 0, 8], "texture": "#3"}
			}
		},
		{
			"from": [8.75, 8.75, 7.5],
			"to": [8.78, 11.75, 9.5],
			"rotation": {"angle": 0, "axis": "y", "origin": [8.75, 8.75, 7.5]},
			"faces": {
				"east": {"uv": [8, 0, 0, 12], "texture": "#3"},
				"west": {"uv": [0, 0, 8, 12], "texture": "#3"},
				"down": {"uv": [0, 0, 0, 8], "texture": "#3"}
			}
		}
	],
	"gui_light": "front",
	"display": {
		"thirdperson_righthand": {
			"translation": [0, 3, 1]
		},
		"thirdperson_lefthand": {
			"translation": [0, 3, 1]
		},
		"firstperson_righthand": {
			"rotation": [-10, 0, 0],
			"translation": [0, 2, 1.5]
		},
		"firstperson_lefthand": {
			"rotation": [-10, 0, 0],
			"translation": [0, 2, 1.5]
		},
		"ground": {
			"rotation": [-45, 0, 0],
			"translation": [0, 9.75, 0]
		},
		"gui": {
			"rotation": [-90, 45, 90],
			"translation": [2, -2.75, 0],
			"scale": [0.81445, 0.81445, 0.81445]
		},
		"head": {
			"rotation": [90, -90, 90],
			"scale": [1.5, 1.5, 1.5]
		},
		"fixed": {
			"rotation": [0, -90, 0],
			"translation": [0, -8.5, -1.75],
			"scale": [2.5, 2.5, 2.5]
		}
	}
}