{"overrides":[{"predicate":{"custom_model_data":1},"model":"modelengine:bandit_goon_blue/rope1"},{"predicate":{"custom_model_data":2},"model":"modelengine:bandit_goon_blue/rope2"},{"predicate":{"custom_model_data":3},"model":"modelengine:bandit_goon_blue/left_leg"},{"predicate":{"custom_model_data":4},"model":"modelengine:bandit_goon_blue/torso"},{"predicate":{"custom_model_data":5},"model":"modelengine:bandit_goon_blue/right_leg"},{"predicate":{"custom_model_data":6},"model":"modelengine:bandit_goon_blue/rope3"},{"predicate":{"custom_model_data":7},"model":"modelengine:bandit_goon_blue/left_knee"},{"predicate":{"custom_model_data":8},"model":"modelengine:bandit_goon_blue/head"},{"predicate":{"custom_model_data":9},"model":"modelengine:bandit_goon_blue/right_arm"},{"predicate":{"custom_model_data":10},"model":"modelengine:bandit_goon_blue/left_arm"},{"predicate":{"custom_model_data":11},"model":"modelengine:bandit_goon_blue/right_knee"},{"predicate":{"custom_model_data":12},"model":"modelengine:bandit_goon_blue/rope4"},{"predicate":{"custom_model_data":13},"model":"modelengine:bandit_goon_blue/blindfold"},{"predicate":{"custom_model_data":14},"model":"modelengine:bandit_goon_blue/right_elbow"},{"predicate":{"custom_model_data":15},"model":"modelengine:bandit_goon_blue/left_elbow"},{"predicate":{"custom_model_data":16},"model":"modelengine:bandit_goon_blue/rope5"},{"predicate":{"custom_model_data":17},"model":"modelengine:bandit_goon_blue/shank"},{"predicate":{"custom_model_data":18},"model":"modelengine:bandit_goon_green/rope1"},{"predicate":{"custom_model_data":19},"model":"modelengine:bandit_goon_green/rope2"},{"predicate":{"custom_model_data":20},"model":"modelengine:bandit_goon_green/left_leg"},{"predicate":{"custom_model_data":21},"model":"modelengine:bandit_goon_green/torso"},{"predicate":{"custom_model_data":22},"model":"modelengine:bandit_goon_green/right_leg"},{"predicate":{"custom_model_data":23},"model":"modelengine:bandit_goon_green/rope3"},{"predicate":{"custom_model_data":24},"model":"modelengine:bandit_goon_green/left_knee"},{"predicate":{"custom_model_data":25},"model":"modelengine:bandit_goon_green/head"},{"predicate":{"custom_model_data":26},"model":"modelengine:bandit_goon_green/right_arm"},{"predicate":{"custom_model_data":27},"model":"modelengine:bandit_goon_green/left_arm"},{"predicate":{"custom_model_data":28},"model":"modelengine:bandit_goon_green/right_knee"},{"predicate":{"custom_model_data":29},"model":"modelengine:bandit_goon_green/rope4"},{"predicate":{"custom_model_data":30},"model":"modelengine:bandit_goon_green/blindfold"},{"predicate":{"custom_model_data":31},"model":"modelengine:bandit_goon_green/right_elbow"},{"predicate":{"custom_model_data":32},"model":"modelengine:bandit_goon_green/left_elbow"},{"predicate":{"custom_model_data":33},"model":"modelengine:bandit_goon_green/rope5"},{"predicate":{"custom_model_data":34},"model":"modelengine:bandit_goon_green/shank"},{"predicate":{"custom_model_data":35},"model":"modelengine:bandit_goon_projectile/left_leg"},{"predicate":{"custom_model_data":36},"model":"modelengine:bandit_goon_projectile/torso"},{"predicate":{"custom_model_data":37},"model":"modelengine:bandit_goon_projectile/right_leg"},{"predicate":{"custom_model_data":38},"model":"modelengine:bandit_goon_projectile/left_knee"},{"predicate":{"custom_model_data":39},"model":"modelengine:bandit_goon_projectile/head"},{"predicate":{"custom_model_data":40},"model":"modelengine:bandit_goon_projectile/right_arm"},{"predicate":{"custom_model_data":41},"model":"modelengine:bandit_goon_projectile/left_arm"},{"predicate":{"custom_model_data":42},"model":"modelengine:bandit_goon_projectile/right_knee"},{"predicate":{"custom_model_data":43},"model":"modelengine:bandit_goon_projectile/blindfold"},{"predicate":{"custom_model_data":44},"model":"modelengine:bandit_goon_projectile/right_elbow"},{"predicate":{"custom_model_data":45},"model":"modelengine:bandit_goon_projectile/left_elbow"},{"predicate":{"custom_model_data":46},"model":"modelengine:bandit_goon_red/rope1"},{"predicate":{"custom_model_data":47},"model":"modelengine:bandit_goon_red/rope2"},{"predicate":{"custom_model_data":48},"model":"modelengine:bandit_goon_red/left_leg"},{"predicate":{"custom_model_data":49},"model":"modelengine:bandit_goon_red/torso"},{"predicate":{"custom_model_data":50},"model":"modelengine:bandit_goon_red/right_leg"},{"predicate":{"custom_model_data":51},"model":"modelengine:bandit_goon_red/rope3"},{"predicate":{"custom_model_data":52},"model":"modelengine:bandit_goon_red/left_knee"},{"predicate":{"custom_model_data":53},"model":"modelengine:bandit_goon_red/head"},{"predicate":{"custom_model_data":54},"model":"modelengine:bandit_goon_red/right_arm"},{"predicate":{"custom_model_data":55},"model":"modelengine:bandit_goon_red/left_arm"},{"predicate":{"custom_model_data":56},"model":"modelengine:bandit_goon_red/right_knee"},{"predicate":{"custom_model_data":57},"model":"modelengine:bandit_goon_red/rope4"},{"predicate":{"custom_model_data":58},"model":"modelengine:bandit_goon_red/blindfold"},{"predicate":{"custom_model_data":59},"model":"modelengine:bandit_goon_red/right_elbow"},{"predicate":{"custom_model_data":60},"model":"modelengine:bandit_goon_red/left_elbow"},{"predicate":{"custom_model_data":61},"model":"modelengine:bandit_goon_red/rope5"},{"predicate":{"custom_model_data":62},"model":"modelengine:bandit_goon_red/shank"},{"predicate":{"custom_model_data":63},"model":"modelengine:bandit_goon_yellow/rope1"},{"predicate":{"custom_model_data":64},"model":"modelengine:bandit_goon_yellow/rope2"},{"predicate":{"custom_model_data":65},"model":"modelengine:bandit_goon_yellow/left_leg"},{"predicate":{"custom_model_data":66},"model":"modelengine:bandit_goon_yellow/torso"},{"predicate":{"custom_model_data":67},"model":"modelengine:bandit_goon_yellow/right_leg"},{"predicate":{"custom_model_data":68},"model":"modelengine:bandit_goon_yellow/rope3"},{"predicate":{"custom_model_data":69},"model":"modelengine:bandit_goon_yellow/left_knee"},{"predicate":{"custom_model_data":70},"model":"modelengine:bandit_goon_yellow/head"},{"predicate":{"custom_model_data":71},"model":"modelengine:bandit_goon_yellow/right_arm"},{"predicate":{"custom_model_data":72},"model":"modelengine:bandit_goon_yellow/left_arm"},{"predicate":{"custom_model_data":73},"model":"modelengine:bandit_goon_yellow/right_knee"},{"predicate":{"custom_model_data":74},"model":"modelengine:bandit_goon_yellow/rope4"},{"predicate":{"custom_model_data":75},"model":"modelengine:bandit_goon_yellow/blindfold"},{"predicate":{"custom_model_data":76},"model":"modelengine:bandit_goon_yellow/right_elbow"},{"predicate":{"custom_model_data":77},"model":"modelengine:bandit_goon_yellow/left_elbow"},{"predicate":{"custom_model_data":78},"model":"modelengine:bandit_goon_yellow/rope5"},{"predicate":{"custom_model_data":79},"model":"modelengine:bandit_goon_yellow/shank"},{"predicate":{"custom_model_data":80},"model":"modelengine:banso/left_leg"},{"predicate":{"custom_model_data":81},"model":"modelengine:banso/torso"},{"predicate":{"custom_model_data":82},"model":"modelengine:banso/right_leg"},{"predicate":{"custom_model_data":83},"model":"modelengine:banso/left_knee"},{"predicate":{"custom_model_data":84},"model":"modelengine:banso/red_cloth"},{"predicate":{"custom_model_data":85},"model":"modelengine:banso/upper_torso"},{"predicate":{"custom_model_data":86},"model":"modelengine:banso/right_knee"},{"predicate":{"custom_model_data":87},"model":"modelengine:banso/cloth"},{"predicate":{"custom_model_data":88},"model":"modelengine:banso/left_flap"},{"predicate":{"custom_model_data":89},"model":"modelengine:banso/right_flap"},{"predicate":{"custom_model_data":90},"model":"modelengine:banso/head"},{"predicate":{"custom_model_data":91},"model":"modelengine:banso/right_arm"},{"predicate":{"custom_model_data":92},"model":"modelengine:banso/left_arm"},{"predicate":{"custom_model_data":93},"model":"modelengine:banso/mouth"},{"predicate":{"custom_model_data":94},"model":"modelengine:banso/left_eye"},{"predicate":{"custom_model_data":95},"model":"modelengine:banso/right_elbow"},{"predicate":{"custom_model_data":96},"model":"modelengine:banso/left_elbow"},{"predicate":{"custom_model_data":97},"model":"modelengine:banso/eye"},{"predicate":{"custom_model_data":98},"model":"modelengine:banso/sword"},{"predicate":{"custom_model_data":99},"model":"modelengine:banso/right_leg2"},{"predicate":{"custom_model_data":100},"model":"modelengine:banso/torso2"},{"predicate":{"custom_model_data":101},"model":"modelengine:banso/left_leg2"},{"predicate":{"custom_model_data":102},"model":"modelengine:banso/right_knee2"},{"predicate":{"custom_model_data":103},"model":"modelengine:banso/left_arm2"},{"predicate":{"custom_model_data":104},"model":"modelengine:banso/right_arm2"},{"predicate":{"custom_model_data":105},"model":"modelengine:banso/head2"},{"predicate":{"custom_model_data":106},"model":"modelengine:banso/left_knee2"},{"predicate":{"custom_model_data":107},"model":"modelengine:banso/left_elbow2"},{"predicate":{"custom_model_data":108},"model":"modelengine:banso/right_elbow2"},{"predicate":{"custom_model_data":109},"model":"modelengine:banso/blindfold"},{"predicate":{"custom_model_data":110},"model":"modelengine:goldcoins_stacked_small/goldcoins_stacked_small"}],"parent":"minecraft:item/generated","textures":{"layer0":"minecraft:item/leather_horse_armor"}}